-- MySQL dump 10.13  Distrib 9.5.0, for macos14.7 (x86_64)
--
-- Host: 127.0.0.1    Database: softwaredb
-- ------------------------------------------------------
-- Server version	8.0.45

/*!40101 SET @OLD_CHARACTER_SET_CLIENT=@@CHARACTER_SET_CLIENT */;
/*!40101 SET @OLD_CHARACTER_SET_RESULTS=@@CHARACTER_SET_RESULTS */;
/*!40101 SET @OLD_COLLATION_CONNECTION=@@COLLATION_CONNECTION */;
/*!50503 SET NAMES utf8mb4 */;
/*!40103 SET @OLD_TIME_ZONE=@@TIME_ZONE */;
/*!40103 SET TIME_ZONE='+00:00' */;
/*!40014 SET @OLD_UNIQUE_CHECKS=@@UNIQUE_CHECKS, UNIQUE_CHECKS=0 */;
/*!40014 SET @OLD_FOREIGN_KEY_CHECKS=@@FOREIGN_KEY_CHECKS, FOREIGN_KEY_CHECKS=0 */;
/*!40101 SET @OLD_SQL_MODE=@@SQL_MODE, SQL_MODE='NO_AUTO_VALUE_ON_ZERO' */;
/*!40111 SET @OLD_SQL_NOTES=@@SQL_NOTES, SQL_NOTES=0 */;

--
-- Table structure for table `address`
--

DROP TABLE IF EXISTS `address`;
/*!40101 SET @saved_cs_client     = @@character_set_client */;
/*!50503 SET character_set_client = utf8mb4 */;
CREATE TABLE `address` (
  `id` int NOT NULL AUTO_INCREMENT,
  `station_id` int DEFAULT NULL,
  `street1` varchar(30) NOT NULL,
  `street2` varchar(30) DEFAULT NULL,
  `county` varchar(30) DEFAULT NULL,
  `city` varchar(30) DEFAULT NULL,
  `eircode` varchar(15) DEFAULT NULL,
  PRIMARY KEY (`id`),
  KEY `station_id` (`station_id`),
  CONSTRAINT `address_ibfk_1` FOREIGN KEY (`station_id`) REFERENCES `station` (`station_id`)
) ENGINE=InnoDB DEFAULT CHARSET=utf8mb4 COLLATE=utf8mb4_0900_ai_ci;
/*!40101 SET character_set_client = @saved_cs_client */;

--
-- Dumping data for table `address`
--

LOCK TABLES `address` WRITE;
/*!40000 ALTER TABLE `address` DISABLE KEYS */;
/*!40000 ALTER TABLE `address` ENABLE KEYS */;
UNLOCK TABLES;

--
-- Table structure for table `forecast`
--

DROP TABLE IF EXISTS `forecast`;
/*!40101 SET @saved_cs_client     = @@character_set_client */;
/*!50503 SET character_set_client = utf8mb4 */;
CREATE TABLE `forecast` (
  `id` int NOT NULL AUTO_INCREMENT,
  `datetime` int NOT NULL,
  `period` varchar(15) NOT NULL,
  `temp` float NOT NULL,
  `weather_id` int NOT NULL,
  `report` int NOT NULL,
  PRIMARY KEY (`id`),
  KEY `weather_id` (`weather_id`),
  KEY `report` (`report`),
  CONSTRAINT `forecast_ibfk_1` FOREIGN KEY (`weather_id`) REFERENCES `weather` (`id`),
  CONSTRAINT `forecast_ibfk_2` FOREIGN KEY (`report`) REFERENCES `weather_report` (`id`)
) ENGINE=InnoDB AUTO_INCREMENT=81 DEFAULT CHARSET=utf8mb4 COLLATE=utf8mb4_0900_ai_ci;
/*!40101 SET character_set_client = @saved_cs_client */;

--
-- Dumping data for table `forecast`
--

LOCK TABLES `forecast` WRITE;
/*!40000 ALTER TABLE `forecast` DISABLE KEYS */;
INSERT INTO `forecast` VALUES (1,1775865600,'3hourly',4.99,500,3),(2,1775876400,'3hourly',4.73,500,4),(3,1775887200,'3hourly',3.81,600,5),(4,1775898000,'3hourly',5.29,803,6),(5,1775908800,'3hourly',12.83,803,7),(6,1775919600,'3hourly',8.31,500,8),(7,1775930400,'3hourly',6.52,500,9),(8,1775941200,'3hourly',5.41,802,10),(9,1775952000,'3hourly',6.53,802,11),(10,1775962800,'3hourly',6.27,500,12),(11,1775973600,'3hourly',4.89,803,13),(12,1775984400,'3hourly',6.31,804,14),(13,1775995200,'3hourly',9.29,500,15),(14,1776006000,'3hourly',10.43,802,16),(15,1776016800,'3hourly',8.44,802,17),(16,1776027600,'3hourly',6.33,804,18),(17,1776038400,'3hourly',4.15,804,19),(18,1776049200,'3hourly',2.7,803,20),(19,1776060000,'3hourly',2.56,802,21),(20,1776070800,'3hourly',8.58,803,22),(21,1776081600,'3hourly',10.34,500,23),(22,1776092400,'3hourly',10.29,500,24),(23,1776103200,'3hourly',9.49,500,25),(24,1776114000,'3hourly',4.87,801,26),(25,1776124800,'3hourly',4.2,801,27),(26,1776135600,'3hourly',3.88,803,28),(27,1776146400,'3hourly',4.45,803,29),(28,1776157200,'3hourly',9.92,804,30),(29,1776168000,'3hourly',11.55,804,31),(30,1776178800,'3hourly',8.98,500,32),(31,1776189600,'3hourly',9.29,500,33),(32,1776200400,'3hourly',9.59,500,34),(33,1776211200,'3hourly',11.24,804,35),(34,1776222000,'3hourly',11.03,500,36),(35,1776232800,'3hourly',10.92,500,37),(36,1776243600,'3hourly',11.9,500,38),(37,1776254400,'3hourly',13.46,500,39),(38,1776265200,'3hourly',13.59,500,40),(39,1776276000,'3hourly',11.05,500,41),(40,1776286800,'3hourly',8.82,804,42),(41,1776114000,'3hourly',8.86,802,45),(42,1776124800,'3hourly',8.44,802,46),(43,1776135600,'3hourly',7.85,803,47),(44,1776146400,'3hourly',8.83,500,48),(45,1776157200,'3hourly',11.46,500,49),(46,1776168000,'3hourly',10.93,500,50),(47,1776178800,'3hourly',11.61,804,51),(48,1776189600,'3hourly',11.47,804,52),(49,1776200400,'3hourly',10.84,804,53),(50,1776211200,'3hourly',11.06,500,54),(51,1776222000,'3hourly',12.01,500,55),(52,1776232800,'3hourly',11.59,804,56),(53,1776243600,'3hourly',11.56,500,57),(54,1776254400,'3hourly',13.76,500,58),(55,1776265200,'3hourly',14,804,59),(56,1776276000,'3hourly',11.26,803,60),(57,1776286800,'3hourly',8.84,500,61),(58,1776297600,'3hourly',8.25,800,62),(59,1776308400,'3hourly',7.91,804,63),(60,1776319200,'3hourly',8.12,802,64),(61,1776330000,'3hourly',11.65,801,65),(62,1776340800,'3hourly',14.57,802,66),(63,1776351600,'3hourly',13.5,500,67),(64,1776362400,'3hourly',10.31,500,68),(65,1776373200,'3hourly',9.93,804,69),(66,1776384000,'3hourly',9.54,804,70),(67,1776394800,'3hourly',9.75,804,71),(68,1776405600,'3hourly',10.8,500,72),(69,1776416400,'3hourly',11.21,500,73),(70,1776427200,'3hourly',14.62,500,74),(71,1776438000,'3hourly',15.18,804,75),(72,1776448800,'3hourly',12.64,804,76),(73,1776459600,'3hourly',9.69,803,77),(74,1776470400,'3hourly',7.9,803,78),(75,1776481200,'3hourly',6.82,804,79),(76,1776492000,'3hourly',5.96,804,80),(77,1776502800,'3hourly',10.67,801,81),(78,1776513600,'3hourly',12.18,500,82),(79,1776524400,'3hourly',11.77,500,83),(80,1776535200,'3hourly',9.65,500,84);
/*!40000 ALTER TABLE `forecast` ENABLE KEYS */;
UNLOCK TABLES;

--
-- Table structure for table `rental`
--

DROP TABLE IF EXISTS `rental`;
/*!40101 SET @saved_cs_client     = @@character_set_client */;
/*!50503 SET character_set_client = utf8mb4 */;
CREATE TABLE `rental` (
  `id` int NOT NULL AUTO_INCREMENT,
  `user_id` int NOT NULL,
  `pickup_station_id` int NOT NULL,
  `dropoff_station_id` int DEFAULT NULL,
  `start_time` datetime NOT NULL,
  `end_time` datetime DEFAULT NULL,
  `duration_minutes` int DEFAULT NULL,
  `cost_eur` float DEFAULT NULL,
  PRIMARY KEY (`id`),
  KEY `user_id` (`user_id`),
  KEY `pickup_station_id` (`pickup_station_id`),
  KEY `dropoff_station_id` (`dropoff_station_id`),
  CONSTRAINT `rental_ibfk_1` FOREIGN KEY (`user_id`) REFERENCES `user` (`id`),
  CONSTRAINT `rental_ibfk_2` FOREIGN KEY (`pickup_station_id`) REFERENCES `station` (`station_id`),
  CONSTRAINT `rental_ibfk_3` FOREIGN KEY (`dropoff_station_id`) REFERENCES `station` (`station_id`)
) ENGINE=InnoDB DEFAULT CHARSET=utf8mb4 COLLATE=utf8mb4_0900_ai_ci;
/*!40101 SET character_set_client = @saved_cs_client */;

--
-- Dumping data for table `rental`
--

LOCK TABLES `rental` WRITE;
/*!40000 ALTER TABLE `rental` DISABLE KEYS */;
/*!40000 ALTER TABLE `rental` ENABLE KEYS */;
UNLOCK TABLES;

--
-- Table structure for table `station`
--

DROP TABLE IF EXISTS `station`;
/*!40101 SET @saved_cs_client     = @@character_set_client */;
/*!50503 SET character_set_client = utf8mb4 */;
CREATE TABLE `station` (
  `station_id` int NOT NULL AUTO_INCREMENT,
  `contract` varchar(30) NOT NULL,
  `name` varchar(60) NOT NULL,
  `longitude` double NOT NULL,
  `latitude` double NOT NULL,
  PRIMARY KEY (`station_id`)
) ENGINE=InnoDB AUTO_INCREMENT=118 DEFAULT CHARSET=utf8mb4 COLLATE=utf8mb4_0900_ai_ci;
/*!40101 SET character_set_client = @saved_cs_client */;

--
-- Dumping data for table `station`
--

LOCK TABLES `station` WRITE;
/*!40000 ALTER TABLE `station` DISABLE KEYS */;
INSERT INTO `station` VALUES (1,'dublin','CLARENDON ROW',-6.262501,53.340927),(2,'dublin','BLESSINGTON STREET',-6.26814,53.356769),(3,'dublin','BOLTON STREET',-6.269859,53.351182),(4,'dublin','GREEK STREET',-6.272976,53.346874),(5,'dublin','CHARLEMONT PLACE',-6.2600041,53.330704),(6,'dublin','CHRISTCHURCH PLACE',-6.27012,53.343368),(7,'dublin','HIGH STREET',-6.2744134,53.3434199),(8,'dublin','CUSTOM HOUSE QUAY',-6.248048,53.347884),(9,'dublin','EXCHEQUER STREET',-6.263578,53.343034),(10,'dublin','DAME STREET',-6.266802,53.344007),(11,'dublin','EARLSFORT TERRACE',-6.258503,53.334295),(12,'dublin','ECCLES STREET',-6.269779,53.359246),(13,'dublin','FITZWILLIAM SQUARE WEST',-6.252825,53.336074),(14,'dublin','FOWNES STREET UPPER',-6.263371,53.344603),(15,'dublin','HARDWICKE STREET',-6.264423,53.355473),(16,'dublin','GEORGES QUAY',-6.252192,53.347508),(17,'dublin','GOLDEN LANE',-6.267732,53.340803),(18,'dublin','GRANTHAM STREET',-6.2656674,53.3341256),(19,'dublin','HERBERT PLACE',-6.2451391,53.3347015),(20,'dublin','JAMES STREET EAST',-6.248174,53.336485),(21,'dublin','LEINSTER STREET SOUTH',-6.2541845,53.3421448),(22,'dublin','TOWNSEND STREET',-6.254614,53.345922),(23,'dublin','CUSTOM HOUSE',-6.2543578,53.3482821),(24,'dublin','CATHAL BRUGHA STREET',-6.2603279,53.3522131),(25,'dublin','MERRION SQUARE EAST',-6.247006,53.339069),(26,'dublin','MERRION SQUARE WEST',-6.2517163,53.3400705),(27,'dublin','MOLESWORTH STREET',-6.2575938,53.3412353),(28,'dublin','MOUNTJOY SQUARE WEST',-6.258586,53.356299),(29,'dublin','ORMOND QUAY UPPER',-6.2683448,53.3461075),(30,'dublin','PARNELL SQUARE NORTH',-6.26530144781526,53.3537415547453),(31,'dublin','PARNELL STREET',-6.265125,53.350929),(32,'dublin','PEARSE STREET',-6.250427,53.344304),(33,'dublin','PRINCES STREET / O\'CONNELL STREET',-6.260311,53.349013),(34,'dublin','LENNOX STREET',-6.265023,53.331384),(35,'dublin','SMITHFIELD',-6.278214,53.347692),(36,'dublin','ST. STEPHEN\'S GREEN EAST',-6.256218,53.337636),(37,'dublin','ST. STEPHEN\'S GREEN SOUTH',-6.26199,53.337494),(38,'dublin','TALBOT STREET',-6.2526613,53.3509988),(39,'dublin','WILTON TERRACE',-6.252717,53.332383),(40,'dublin','JERVIS STREET',-6.266651,53.3483),(41,'dublin','HARCOURT TERRACE',-6.2578697,53.3324162),(42,'dublin','SMITHFIELD NORTH',-6.278198,53.349562),(43,'dublin','PORTOBELLO ROAD',-6.268044,53.330091),(44,'dublin','UPPER SHERRARD STREET',-6.2602984,53.3585932),(45,'dublin','DEVERELL PLACE',-6.255265,53.351464),(47,'dublin','HERBERT STREET',-6.24551,53.335742),(48,'dublin','EXCISE WALK',-6.244239,53.347777),(49,'dublin','GUILD STREET',-6.240928,53.347932),(50,'dublin','GEORGES LANE',-6.279696,53.35023),(51,'dublin','YORK STREET WEST',-6.264699,53.339334),(52,'dublin','YORK STREET EAST',-6.262003,53.338755),(53,'dublin','NEWMAN HOUSE',-6.26059,53.337132),(54,'dublin','CLONMEL STREET',-6.26298,53.336021),(55,'dublin','HATCH STREET',-6.260714,53.33403),(56,'dublin','MOUNT STREET LOWER',-6.2415388,53.3379853),(57,'dublin','GRATTAN STREET',-6.243778,53.339629),(58,'dublin','SIR PATRICK DUN\'S',-6.240642,53.339218),(59,'dublin','DENMARK STREET GREAT',-6.261397,53.35561),(60,'dublin','NORTH CIRCULAR ROAD',-6.260348,53.359624),(61,'dublin','HARDWICKE PLACE',-6.263232,53.357043),(62,'dublin','LIME STREET',-6.243576,53.346026),(63,'dublin','FENIAN STREET',-6.24672,53.341428),(64,'dublin','SANDWITH STREET',-6.247163,53.345203),(65,'dublin','CONVENTION CENTRE',-6.238523,53.34744),(66,'dublin','NEW CENTRAL BANK',-6.234749,53.347122),(67,'dublin','THE POINT',-6.230852,53.346867),(68,'dublin','HANOVER QUAY',-6.237153,53.344115),(69,'dublin','GRAND CANAL DOCK',-6.238695,53.342638),(70,'dublin','BARROW STREET',-6.236779,53.338311),(71,'dublin','KEVIN STREET',-6.267699,53.337757),(72,'dublin','JOHN STREET WEST',-6.277167,53.343105),(73,'dublin','FRANCIS STREET',-6.275233,53.342081),(74,'dublin','OLIVER BOND STREET',-6.280531,53.343893),(75,'dublin','JAMES STREET',-6.287409,53.343456),(76,'dublin','MARKET STREET SOUTH',-6.287661,53.342296),(77,'dublin','WOLFE TONE STREET',-6.267459,53.348875),(78,'dublin','MATER HOSPITAL',-6.264828,53.359967),(79,'dublin','ECCLES STREET EAST',-6.265601,53.358115),(80,'dublin','ST JAMES HOSPITAL (LUAS)',-6.292951,53.341359),(82,'dublin','MOUNT BROWN',-6.29719,53.341645),(83,'dublin','EMMET ROAD',-6.308191,53.340714),(84,'dublin','BROOKFIELD ROAD',-6.300217,53.339005),(85,'dublin','ROTHE ABBEY',-6.30395,53.338776),(86,'dublin','PARKGATE STREET',-6.291804,53.347972),(87,'dublin','COLLINS BARRACKS MUSEUM',-6.28525,53.347477),(88,'dublin','BLACKHALL PLACE',-6.281637,53.3488),(89,'dublin','FITZWILLIAM SQUARE EAST',-6.2509,53.335211),(90,'dublin','BENSON STREET',-6.233451,53.344153),(91,'dublin','SOUTH DOCK ROAD',-6.231291,53.341833),(92,'dublin','HEUSTON BRIDGE (NORTH)',-6.292432,53.347802),(93,'dublin','HEUSTON STATION (CENTRAL)',-6.296924,53.346603),(94,'dublin','HEUSTON STATION (CAR PARK)',-6.297804,53.346985),(95,'dublin','ROYAL HOSPITAL',-6.29706,53.343897),(96,'dublin','KILMAINHAM LANE',-6.305085,53.341805),(97,'dublin','KILMAINHAM GAOL',-6.310015,53.342113),(98,'dublin','FREDERICK STREET SOUTH',-6.256853,53.341515),(99,'dublin','CITY QUAY',-6.246154,53.346637),(100,'dublin','HEUSTON BRIDGE (SOUTH)',-6.292041,53.347106),(101,'dublin','KING STREET NORTH',-6.273507,53.350291),(102,'dublin','WESTERN WAY',-6.269425,53.354929),(103,'dublin','GRANGEGORMAN LOWER (SOUTH)',-6.278681,53.354663),(104,'dublin','GRANGEGORMAN LOWER (CENTRAL)',-6.278424,53.355173),(105,'dublin','GRANGEGORMAN LOWER (NORTH)',-6.278378,53.355954),(106,'dublin','RATHDOWN ROAD',-6.280337,53.35893),(107,'dublin','CHARLEVILLE ROAD',-6.281866,53.359157),(108,'dublin','AVONDALE ROAD',-6.276142,53.359405),(109,'dublin','BUCKINGHAM STREET LOWER',-6.249319,53.353331),(110,'dublin','PHIBSBOROUGH ROAD',-6.273717,53.356307),(111,'dublin','MOUNTJOY SQUARE EAST',-6.256359,53.356717),(112,'dublin','NORTH CIRCULAR ROAD (O\'CONNELL\'S)',-6.251557,53.357841),(113,'dublin','MERRION SQUARE SOUTH',-6.248606,53.338614),(114,'dublin','WILTON TERRACE (PARK)',-6.248345,53.333653),(115,'dublin','KILLARNEY STREET',-6.247579,53.354845),(116,'dublin','BROADSTONE',-6.272314,53.3547),(117,'dublin','HANOVER QUAY EAST',-6.231755,53.343653);
/*!40000 ALTER TABLE `station` ENABLE KEYS */;
UNLOCK TABLES;

--
-- Table structure for table `station_status`
--

DROP TABLE IF EXISTS `station_status`;
/*!40101 SET @saved_cs_client     = @@character_set_client */;
/*!50503 SET character_set_client = utf8mb4 */;
CREATE TABLE `station_status` (
  `id` int NOT NULL AUTO_INCREMENT,
  `station_id` int DEFAULT NULL,
  `update_time` datetime NOT NULL,
  `avail_bikes` int NOT NULL,
  `avail_bike_stands` int NOT NULL,
  `status` varchar(15) NOT NULL,
  PRIMARY KEY (`id`),
  KEY `station_id` (`station_id`),
  CONSTRAINT `station_status_ibfk_1` FOREIGN KEY (`station_id`) REFERENCES `station` (`station_id`)
) ENGINE=InnoDB AUTO_INCREMENT=1841 DEFAULT CHARSET=utf8mb4 COLLATE=utf8mb4_0900_ai_ci;
/*!40101 SET character_set_client = @saved_cs_client */;

--
-- Dumping data for table `station_status`
--

LOCK TABLES `station_status` WRITE;
/*!40000 ALTER TABLE `station_status` DISABLE KEYS */;
INSERT INTO `station_status` VALUES (1,42,'2026-04-10 23:36:03',23,7,'OPEN'),(2,30,'2026-04-10 23:35:45',2,18,'OPEN'),(3,54,'2026-04-10 23:35:00',9,24,'OPEN'),(4,108,'2026-04-10 23:38:06',2,33,'OPEN'),(5,20,'2026-04-10 23:35:33',2,27,'OPEN'),(6,56,'2026-04-10 23:36:05',16,24,'OPEN'),(7,6,'2026-04-10 23:30:10',8,12,'OPEN'),(8,18,'2026-04-10 23:38:02',4,26,'OPEN'),(9,32,'2026-04-10 23:36:30',0,30,'OPEN'),(10,52,'2026-04-10 23:36:05',11,21,'OPEN'),(11,48,'2026-04-10 23:35:47',26,14,'OPEN'),(12,13,'2026-04-10 23:34:52',0,30,'OPEN'),(13,43,'2026-04-10 23:31:45',26,4,'OPEN'),(14,31,'2026-04-10 23:37:41',10,10,'OPEN'),(15,98,'2026-04-10 23:35:38',20,20,'OPEN'),(16,14,'2026-04-10 23:36:21',21,9,'OPEN'),(17,1,'2026-04-10 23:36:36',21,9,'OPEN'),(18,23,'2026-04-10 23:36:29',21,9,'OPEN'),(19,106,'2026-04-10 23:35:16',3,37,'OPEN'),(20,112,'2026-04-10 23:36:16',20,10,'OPEN'),(21,68,'2026-04-10 23:36:16',4,36,'OPEN'),(22,74,'2026-04-10 23:35:22',21,9,'OPEN'),(23,87,'2026-04-10 23:35:38',16,22,'OPEN'),(24,84,'2026-04-10 23:34:53',22,8,'OPEN'),(25,90,'2026-04-10 23:37:18',7,33,'OPEN'),(26,11,'2026-04-10 23:35:02',5,25,'OPEN'),(27,17,'2026-04-10 23:35:53',2,18,'OPEN'),(28,45,'2026-04-10 23:35:08',3,27,'OPEN'),(29,114,'2026-04-10 23:36:08',0,40,'OPEN'),(30,72,'2026-04-10 23:36:51',26,5,'OPEN'),(31,63,'2026-04-10 23:35:26',14,21,'OPEN'),(32,113,'2026-04-10 23:34:42',0,40,'OPEN'),(33,91,'2026-04-10 23:36:55',21,9,'OPEN'),(34,99,'2026-04-10 23:35:13',14,16,'OPEN'),(35,9,'2026-04-10 23:36:49',18,6,'OPEN'),(36,67,'2026-04-10 23:36:41',6,34,'OPEN'),(37,116,'2026-04-10 23:35:44',18,12,'OPEN'),(38,55,'2026-04-10 23:35:36',3,33,'OPEN'),(39,62,'2026-04-10 23:36:14',8,32,'OPEN'),(40,5,'2026-04-10 23:39:10',31,8,'OPEN'),(41,97,'2026-04-10 23:35:19',6,34,'OPEN'),(42,61,'2026-04-10 23:34:57',1,24,'OPEN'),(43,77,'2026-04-10 23:37:10',19,10,'OPEN'),(44,73,'2026-04-10 23:35:48',9,21,'OPEN'),(45,4,'2026-04-10 23:39:00',5,15,'OPEN'),(46,49,'2026-04-10 23:36:27',32,8,'OPEN'),(47,19,'2026-04-10 23:37:02',2,28,'OPEN'),(48,7,'2026-04-10 23:31:12',14,15,'OPEN'),(49,60,'2026-04-10 23:36:17',10,20,'OPEN'),(50,102,'2026-04-10 23:31:17',11,29,'OPEN'),(51,38,'2026-04-10 23:36:25',15,25,'OPEN'),(52,53,'2026-04-10 23:34:36',0,40,'OPEN'),(53,58,'2026-04-10 23:35:58',35,5,'OPEN'),(54,66,'2026-04-10 23:38:22',20,20,'OPEN'),(55,104,'2026-04-10 23:34:37',6,34,'OPEN'),(56,101,'2026-04-10 23:35:26',10,20,'OPEN'),(57,115,'2026-04-10 23:36:46',21,9,'OPEN'),(58,47,'2026-04-10 23:35:30',3,37,'OPEN'),(59,117,'2026-04-10 23:34:53',0,40,'OPEN'),(60,8,'2026-04-10 23:37:41',14,16,'OPEN'),(61,27,'2026-04-10 23:30:57',0,20,'OPEN'),(62,16,'2026-04-10 23:39:24',2,18,'OPEN'),(63,96,'2026-04-10 23:34:39',9,21,'OPEN'),(64,82,'2026-04-10 23:37:29',21,1,'OPEN'),(65,76,'2026-04-10 23:35:34',14,24,'OPEN'),(66,71,'2026-04-10 23:38:52',19,21,'OPEN'),(67,79,'2026-04-10 23:36:27',0,27,'OPEN'),(68,69,'2026-04-10 23:38:27',3,37,'OPEN'),(69,25,'2026-04-10 23:35:31',10,20,'OPEN'),(70,51,'2026-04-10 23:34:42',5,15,'OPEN'),(71,37,'2026-04-10 23:35:28',3,27,'OPEN'),(72,59,'2026-04-10 23:37:54',0,20,'OPEN'),(73,95,'2026-04-10 23:35:11',22,18,'OPEN'),(74,94,'2026-04-10 23:34:34',14,26,'OPEN'),(75,105,'2026-04-10 23:37:07',0,36,'OPEN'),(76,36,'2026-04-10 23:36:05',1,39,'OPEN'),(77,93,'2026-04-10 23:34:52',25,15,'OPEN'),(78,22,'2026-04-10 23:37:18',5,15,'OPEN'),(79,50,'2026-04-10 23:36:23',16,24,'OPEN'),(80,110,'2026-04-10 23:35:40',9,31,'OPEN'),(81,12,'2026-04-10 23:38:05',0,20,'OPEN'),(82,34,'2026-04-10 23:36:47',11,29,'OPEN'),(83,78,'2026-04-10 23:35:21',28,12,'OPEN'),(84,2,'2026-04-10 23:35:51',7,13,'OPEN'),(85,75,'2026-04-10 23:35:58',36,4,'OPEN'),(86,111,'2026-04-10 23:35:51',7,33,'OPEN'),(87,26,'2026-04-10 23:36:50',7,13,'OPEN'),(88,65,'2026-04-10 23:37:31',5,35,'OPEN'),(89,15,'2026-04-10 23:37:57',5,11,'OPEN'),(90,86,'2026-04-10 23:36:10',23,15,'OPEN'),(91,35,'2026-04-10 23:36:54',20,10,'OPEN'),(92,10,'2026-04-10 23:36:09',13,3,'OPEN'),(93,100,'2026-04-10 23:31:08',25,0,'OPEN'),(94,24,'2026-04-10 23:37:22',9,11,'OPEN'),(95,64,'2026-04-10 23:38:24',25,15,'OPEN'),(96,109,'2026-04-10 23:30:51',27,2,'OPEN'),(97,85,'2026-04-10 23:35:18',22,13,'OPEN'),(98,107,'2026-04-10 23:35:21',2,38,'OPEN'),(99,33,'2026-04-10 23:38:49',18,5,'OPEN'),(100,44,'2026-04-10 23:35:46',12,18,'OPEN'),(101,89,'2026-04-10 23:34:44',0,40,'OPEN'),(102,57,'2026-04-10 23:34:55',0,23,'OPEN'),(103,80,'2026-04-10 23:35:25',15,25,'OPEN'),(104,41,'2026-04-10 23:32:30',7,13,'OPEN'),(105,3,'2026-04-10 23:36:07',17,3,'OPEN'),(106,40,'2026-04-10 23:38:31',10,11,'OPEN'),(107,29,'2026-04-10 23:30:01',27,2,'OPEN'),(108,70,'2026-04-10 23:33:31',11,10,'OPEN'),(109,103,'2026-04-10 23:35:05',2,38,'OPEN'),(110,28,'2026-04-10 23:32:26',13,17,'OPEN'),(111,39,'2026-04-10 23:37:54',0,20,'OPEN'),(112,83,'2026-04-10 23:35:17',37,3,'OPEN'),(113,92,'2026-04-10 23:35:59',35,5,'OPEN'),(114,21,'2026-04-10 23:36:07',0,30,'OPEN'),(115,88,'2026-04-10 23:35:51',17,13,'OPEN'),(116,42,'2026-04-10 23:36:03',23,7,'OPEN'),(117,30,'2026-04-10 23:35:45',2,18,'OPEN'),(118,54,'2026-04-10 23:35:00',9,24,'OPEN'),(119,108,'2026-04-10 23:38:06',2,33,'OPEN'),(120,20,'2026-04-10 23:35:33',2,27,'OPEN'),(121,56,'2026-04-10 23:36:05',16,24,'OPEN'),(122,6,'2026-04-10 23:30:10',8,12,'OPEN'),(123,18,'2026-04-10 23:38:02',4,26,'OPEN'),(124,32,'2026-04-10 23:36:30',0,30,'OPEN'),(125,52,'2026-04-10 23:36:05',11,21,'OPEN'),(126,48,'2026-04-10 23:35:47',26,14,'OPEN'),(127,13,'2026-04-10 23:34:52',0,30,'OPEN'),(128,43,'2026-04-10 23:31:45',26,4,'OPEN'),(129,31,'2026-04-10 23:37:41',10,10,'OPEN'),(130,98,'2026-04-10 23:35:38',20,20,'OPEN'),(131,14,'2026-04-10 23:36:21',21,9,'OPEN'),(132,1,'2026-04-10 23:36:36',21,9,'OPEN'),(133,23,'2026-04-10 23:36:29',21,9,'OPEN'),(134,106,'2026-04-10 23:35:16',3,37,'OPEN'),(135,112,'2026-04-10 23:36:16',20,10,'OPEN'),(136,68,'2026-04-10 23:36:16',4,36,'OPEN'),(137,74,'2026-04-10 23:35:22',21,9,'OPEN'),(138,87,'2026-04-10 23:35:38',16,22,'OPEN'),(139,84,'2026-04-10 23:34:53',22,8,'OPEN'),(140,90,'2026-04-10 23:37:18',7,33,'OPEN'),(141,11,'2026-04-10 23:35:02',5,25,'OPEN'),(142,17,'2026-04-10 23:35:53',2,18,'OPEN'),(143,45,'2026-04-10 23:35:08',3,27,'OPEN'),(144,114,'2026-04-10 23:36:08',0,40,'OPEN'),(145,72,'2026-04-10 23:36:51',26,5,'OPEN'),(146,63,'2026-04-10 23:35:26',14,21,'OPEN'),(147,113,'2026-04-10 23:34:42',0,40,'OPEN'),(148,91,'2026-04-10 23:36:55',21,9,'OPEN'),(149,99,'2026-04-10 23:35:13',14,16,'OPEN'),(150,9,'2026-04-10 23:36:49',18,6,'OPEN'),(151,67,'2026-04-10 23:36:41',6,34,'OPEN'),(152,116,'2026-04-10 23:35:44',18,12,'OPEN'),(153,55,'2026-04-10 23:35:36',3,33,'OPEN'),(154,62,'2026-04-10 23:36:14',8,32,'OPEN'),(155,5,'2026-04-10 23:39:10',31,8,'OPEN'),(156,97,'2026-04-10 23:35:19',6,34,'OPEN'),(157,61,'2026-04-10 23:34:57',1,24,'OPEN'),(158,77,'2026-04-10 23:37:10',19,10,'OPEN'),(159,73,'2026-04-10 23:35:48',9,21,'OPEN'),(160,4,'2026-04-10 23:39:00',5,15,'OPEN'),(161,49,'2026-04-10 23:36:27',32,8,'OPEN'),(162,19,'2026-04-10 23:37:02',2,28,'OPEN'),(163,7,'2026-04-10 23:31:12',14,15,'OPEN'),(164,60,'2026-04-10 23:36:17',10,20,'OPEN'),(165,102,'2026-04-10 23:31:17',11,29,'OPEN'),(166,38,'2026-04-10 23:36:25',15,25,'OPEN'),(167,53,'2026-04-10 23:34:36',0,40,'OPEN'),(168,58,'2026-04-10 23:35:58',35,5,'OPEN'),(169,66,'2026-04-10 23:38:22',20,20,'OPEN'),(170,104,'2026-04-10 23:34:37',6,34,'OPEN'),(171,101,'2026-04-10 23:35:26',10,20,'OPEN'),(172,115,'2026-04-10 23:36:46',21,9,'OPEN'),(173,47,'2026-04-10 23:35:30',3,37,'OPEN'),(174,117,'2026-04-10 23:34:53',0,40,'OPEN'),(175,8,'2026-04-10 23:37:41',14,16,'OPEN'),(176,27,'2026-04-10 23:30:57',0,20,'OPEN'),(177,16,'2026-04-10 23:39:24',2,18,'OPEN'),(178,96,'2026-04-10 23:34:39',9,21,'OPEN'),(179,82,'2026-04-10 23:37:29',21,1,'OPEN'),(180,76,'2026-04-10 23:35:34',14,24,'OPEN'),(181,71,'2026-04-10 23:38:52',19,21,'OPEN'),(182,79,'2026-04-10 23:36:27',0,27,'OPEN'),(183,69,'2026-04-10 23:38:27',3,37,'OPEN'),(184,25,'2026-04-10 23:35:31',10,20,'OPEN'),(185,51,'2026-04-10 23:34:42',5,15,'OPEN'),(186,37,'2026-04-10 23:35:28',3,27,'OPEN'),(187,59,'2026-04-10 23:37:54',0,20,'OPEN'),(188,95,'2026-04-10 23:35:11',22,18,'OPEN'),(189,94,'2026-04-10 23:34:34',14,26,'OPEN'),(190,105,'2026-04-10 23:37:07',0,36,'OPEN'),(191,36,'2026-04-10 23:36:05',1,39,'OPEN'),(192,93,'2026-04-10 23:34:52',25,15,'OPEN'),(193,22,'2026-04-10 23:37:18',5,15,'OPEN'),(194,50,'2026-04-10 23:36:23',16,24,'OPEN'),(195,110,'2026-04-10 23:35:40',9,31,'OPEN'),(196,12,'2026-04-10 23:38:05',0,20,'OPEN'),(197,34,'2026-04-10 23:36:47',11,29,'OPEN'),(198,78,'2026-04-10 23:35:21',28,12,'OPEN'),(199,2,'2026-04-10 23:35:51',7,13,'OPEN'),(200,75,'2026-04-10 23:35:58',36,4,'OPEN'),(201,111,'2026-04-10 23:35:51',7,33,'OPEN'),(202,26,'2026-04-10 23:36:50',7,13,'OPEN'),(203,65,'2026-04-10 23:37:31',5,35,'OPEN'),(204,15,'2026-04-10 23:37:57',5,11,'OPEN'),(205,86,'2026-04-10 23:36:10',23,15,'OPEN'),(206,35,'2026-04-10 23:36:54',20,10,'OPEN'),(207,10,'2026-04-10 23:36:09',13,3,'OPEN'),(208,100,'2026-04-10 23:31:08',25,0,'OPEN'),(209,24,'2026-04-10 23:37:22',9,11,'OPEN'),(210,64,'2026-04-10 23:38:24',25,15,'OPEN'),(211,109,'2026-04-10 23:30:51',27,2,'OPEN'),(212,85,'2026-04-10 23:35:18',22,13,'OPEN'),(213,107,'2026-04-10 23:35:21',2,38,'OPEN'),(214,33,'2026-04-10 23:38:49',18,5,'OPEN'),(215,44,'2026-04-10 23:35:46',12,18,'OPEN'),(216,89,'2026-04-10 23:34:44',0,40,'OPEN'),(217,57,'2026-04-10 23:34:55',0,23,'OPEN'),(218,80,'2026-04-10 23:35:25',15,25,'OPEN'),(219,41,'2026-04-10 23:32:30',7,13,'OPEN'),(220,3,'2026-04-10 23:36:07',17,3,'OPEN'),(221,40,'2026-04-10 23:38:31',10,11,'OPEN'),(222,29,'2026-04-10 23:30:01',27,2,'OPEN'),(223,70,'2026-04-10 23:33:31',11,10,'OPEN'),(224,103,'2026-04-10 23:35:05',2,38,'OPEN'),(225,28,'2026-04-10 23:32:26',13,17,'OPEN'),(226,39,'2026-04-10 23:37:54',0,20,'OPEN'),(227,83,'2026-04-10 23:35:17',37,3,'OPEN'),(228,92,'2026-04-10 23:35:59',35,5,'OPEN'),(229,21,'2026-04-10 23:36:07',0,30,'OPEN'),(230,88,'2026-04-10 23:35:51',17,13,'OPEN'),(231,42,'2026-04-13 19:41:19',28,2,'OPEN'),(232,30,'2026-04-13 19:32:01',1,19,'OPEN'),(233,54,'2026-04-13 19:40:15',11,22,'OPEN'),(234,108,'2026-04-13 19:35:05',17,18,'OPEN'),(235,20,'2026-04-13 19:35:28',0,30,'OPEN'),(236,56,'2026-04-13 19:35:44',12,28,'OPEN'),(237,6,'2026-04-13 19:35:15',0,20,'OPEN'),(238,18,'2026-04-13 19:36:11',14,16,'OPEN'),(239,32,'2026-04-13 19:38:07',16,14,'OPEN'),(240,52,'2026-04-13 19:35:11',16,16,'OPEN'),(241,48,'2026-04-13 19:34:59',1,39,'OPEN'),(242,13,'2026-04-13 19:36:40',0,30,'OPEN'),(243,43,'2026-04-13 19:37:48',16,14,'OPEN'),(244,31,'2026-04-13 19:40:30',5,15,'OPEN'),(245,98,'2026-04-13 19:38:06',11,29,'OPEN'),(246,14,'2026-04-13 19:36:53',8,22,'OPEN'),(247,1,'2026-04-13 19:41:15',8,23,'OPEN'),(248,23,'2026-04-13 19:35:09',17,13,'OPEN'),(249,106,'2026-04-13 19:37:22',2,38,'OPEN'),(250,112,'2026-04-13 19:38:59',19,11,'OPEN'),(251,68,'2026-04-13 19:36:46',7,33,'OPEN'),(252,74,'2026-04-13 19:37:41',3,27,'OPEN'),(253,87,'2026-04-13 19:37:39',14,24,'OPEN'),(254,84,'2026-04-13 19:34:39',14,16,'OPEN'),(255,90,'2026-04-13 19:40:43',5,35,'OPEN'),(256,11,'2026-04-13 19:34:58',5,25,'OPEN'),(257,17,'2026-04-13 19:34:55',9,11,'OPEN'),(258,45,'2026-04-13 19:41:37',11,19,'OPEN'),(259,114,'2026-04-13 19:36:24',1,39,'OPEN'),(260,72,'2026-04-13 19:35:22',3,28,'OPEN'),(261,63,'2026-04-13 19:41:15',20,15,'OPEN'),(262,113,'2026-04-13 19:40:02',10,30,'OPEN'),(263,91,'2026-04-13 19:38:41',27,3,'OPEN'),(264,99,'2026-04-13 19:35:05',1,29,'OPEN'),(265,9,'2026-04-13 19:36:32',16,8,'OPEN'),(266,67,'2026-04-13 19:36:03',13,27,'OPEN'),(267,116,'2026-04-13 19:34:41',9,21,'OPEN'),(268,55,'2026-04-13 19:35:51',5,31,'OPEN'),(269,62,'2026-04-13 19:38:12',15,25,'OPEN'),(270,5,'2026-04-13 19:38:41',39,1,'OPEN'),(271,97,'2026-04-13 19:35:05',26,14,'OPEN'),(272,61,'2026-04-13 19:34:41',0,25,'OPEN'),(273,77,'2026-04-13 19:41:08',12,17,'OPEN'),(274,73,'2026-04-13 19:35:25',2,28,'OPEN'),(275,4,'2026-04-13 19:41:26',8,12,'OPEN'),(276,49,'2026-04-13 19:39:17',0,40,'OPEN'),(277,19,'2026-04-13 19:36:27',2,28,'OPEN'),(278,7,'2026-04-13 19:35:40',1,28,'OPEN'),(279,60,'2026-04-13 19:35:48',22,8,'OPEN'),(280,102,'2026-04-13 19:37:16',1,39,'OPEN'),(281,38,'2026-04-13 19:35:55',24,16,'OPEN'),(282,53,'2026-04-13 19:40:10',7,33,'OPEN'),(283,58,'2026-04-13 19:35:34',39,1,'OPEN'),(284,66,'2026-04-13 19:39:48',12,28,'OPEN'),(285,104,'2026-04-13 19:34:15',2,38,'OPEN'),(286,101,'2026-04-13 19:35:04',4,26,'OPEN'),(287,115,'2026-04-13 19:37:58',30,0,'OPEN'),(288,47,'2026-04-13 19:35:04',0,40,'OPEN'),(289,117,'2026-04-13 19:34:51',3,37,'OPEN'),(290,8,'2026-04-13 19:39:22',13,17,'OPEN'),(291,27,'2026-04-13 19:35:12',2,18,'OPEN'),(292,16,'2026-04-13 19:35:42',9,11,'OPEN'),(293,96,'2026-04-13 19:35:37',6,24,'OPEN'),(294,82,'2026-04-13 19:34:39',16,6,'OPEN'),(295,76,'2026-04-13 19:40:35',7,31,'OPEN'),(296,71,'2026-04-13 19:35:36',15,25,'OPEN'),(297,79,'2026-04-13 19:35:01',2,25,'OPEN'),(298,69,'2026-04-13 19:40:09',11,29,'OPEN'),(299,25,'2026-04-13 19:38:09',0,30,'OPEN'),(300,51,'2026-04-13 19:37:05',20,0,'OPEN'),(301,37,'2026-04-13 19:34:52',7,23,'OPEN'),(302,59,'2026-04-13 19:36:25',0,20,'OPEN'),(303,95,'2026-04-13 19:40:01',22,18,'OPEN'),(304,94,'2026-04-13 19:37:04',6,34,'OPEN'),(305,105,'2026-04-13 19:34:12',2,34,'OPEN'),(306,36,'2026-04-13 19:39:43',3,37,'OPEN'),(307,93,'2026-04-13 19:37:37',24,16,'OPEN'),(308,22,'2026-04-13 19:36:33',13,7,'OPEN'),(309,50,'2026-04-13 19:35:36',30,10,'OPEN'),(310,110,'2026-04-13 19:37:39',16,24,'OPEN'),(311,12,'2026-04-13 19:34:25',5,15,'OPEN'),(312,34,'2026-04-13 19:37:36',26,14,'OPEN'),(313,78,'2026-04-13 19:37:33',12,28,'OPEN'),(314,2,'2026-04-13 19:37:34',5,15,'OPEN'),(315,75,'2026-04-13 19:35:19',7,33,'OPEN'),(316,111,'2026-04-13 19:35:05',11,29,'OPEN'),(317,26,'2026-04-13 19:39:42',13,7,'OPEN'),(318,65,'2026-04-13 19:36:23',3,37,'OPEN'),(319,15,'2026-04-13 19:35:00',3,13,'OPEN'),(320,86,'2026-04-13 19:35:30',24,14,'OPEN'),(321,35,'2026-04-13 19:35:50',16,14,'OPEN'),(322,10,'2026-04-13 19:37:48',11,5,'OPEN'),(323,100,'2026-04-13 19:35:06',24,1,'OPEN'),(324,24,'2026-04-13 19:35:51',12,8,'OPEN'),(325,64,'2026-04-13 19:35:41',34,6,'OPEN'),(326,109,'2026-04-13 19:34:58',25,4,'OPEN'),(327,85,'2026-04-13 19:40:41',28,7,'OPEN'),(328,107,'2026-04-13 19:38:28',20,20,'OPEN'),(329,33,'2026-04-13 19:39:24',16,7,'OPEN'),(330,44,'2026-04-13 19:36:40',3,27,'OPEN'),(331,89,'2026-04-13 19:34:43',7,33,'OPEN'),(332,57,'2026-04-13 19:34:46',4,19,'OPEN'),(333,80,'2026-04-13 19:41:20',18,22,'OPEN'),(334,41,'2026-04-13 19:35:18',16,4,'OPEN'),(335,3,'2026-04-13 19:36:21',1,19,'OPEN'),(336,40,'2026-04-13 19:41:38',18,3,'OPEN'),(337,29,'2026-04-13 19:35:45',4,25,'OPEN'),(338,70,'2026-04-13 19:40:22',21,0,'OPEN'),(339,103,'2026-04-13 19:34:46',0,40,'OPEN'),(340,28,'2026-04-13 19:36:05',14,16,'OPEN'),(341,39,'2026-04-13 19:41:17',4,16,'OPEN'),(342,83,'2026-04-13 19:34:46',33,7,'OPEN'),(343,92,'2026-04-13 19:35:49',38,2,'OPEN'),(344,21,'2026-04-13 19:36:20',17,13,'OPEN'),(345,88,'2026-04-13 19:36:50',20,10,'OPEN'),(346,42,'2026-04-13 19:41:19',28,2,'OPEN'),(347,30,'2026-04-13 19:32:01',1,19,'OPEN'),(348,54,'2026-04-13 19:40:15',11,22,'OPEN'),(349,108,'2026-04-13 19:35:05',17,18,'OPEN'),(350,20,'2026-04-13 19:35:28',0,30,'OPEN'),(351,56,'2026-04-13 19:35:44',12,28,'OPEN'),(352,6,'2026-04-13 19:35:15',0,20,'OPEN'),(353,18,'2026-04-13 19:36:11',14,16,'OPEN'),(354,32,'2026-04-13 19:38:07',16,14,'OPEN'),(355,52,'2026-04-13 19:35:11',16,16,'OPEN'),(356,48,'2026-04-13 19:34:59',1,39,'OPEN'),(357,13,'2026-04-13 19:36:40',0,30,'OPEN'),(358,43,'2026-04-13 19:37:48',16,14,'OPEN'),(359,31,'2026-04-13 19:40:30',5,15,'OPEN'),(360,98,'2026-04-13 19:38:06',11,29,'OPEN'),(361,14,'2026-04-13 19:36:53',8,22,'OPEN'),(362,1,'2026-04-13 19:41:15',8,23,'OPEN'),(363,23,'2026-04-13 19:35:09',17,13,'OPEN'),(364,106,'2026-04-13 19:37:22',2,38,'OPEN'),(365,112,'2026-04-13 19:38:59',19,11,'OPEN'),(366,68,'2026-04-13 19:36:46',7,33,'OPEN'),(367,74,'2026-04-13 19:37:41',3,27,'OPEN'),(368,87,'2026-04-13 19:37:39',14,24,'OPEN'),(369,84,'2026-04-13 19:34:39',14,16,'OPEN'),(370,90,'2026-04-13 19:40:43',5,35,'OPEN'),(371,11,'2026-04-13 19:34:58',5,25,'OPEN'),(372,17,'2026-04-13 19:34:55',9,11,'OPEN'),(373,45,'2026-04-13 19:41:37',11,19,'OPEN'),(374,114,'2026-04-13 19:36:24',1,39,'OPEN'),(375,72,'2026-04-13 19:35:22',3,28,'OPEN'),(376,63,'2026-04-13 19:41:15',20,15,'OPEN'),(377,113,'2026-04-13 19:40:02',10,30,'OPEN'),(378,91,'2026-04-13 19:38:41',27,3,'OPEN'),(379,99,'2026-04-13 19:35:05',1,29,'OPEN'),(380,9,'2026-04-13 19:36:32',16,8,'OPEN'),(381,67,'2026-04-13 19:36:03',13,27,'OPEN'),(382,116,'2026-04-13 19:34:41',9,21,'OPEN'),(383,55,'2026-04-13 19:35:51',5,31,'OPEN'),(384,62,'2026-04-13 19:38:12',15,25,'OPEN'),(385,5,'2026-04-13 19:38:41',39,1,'OPEN'),(386,97,'2026-04-13 19:35:05',26,14,'OPEN'),(387,61,'2026-04-13 19:34:41',0,25,'OPEN'),(388,77,'2026-04-13 19:41:08',12,17,'OPEN'),(389,73,'2026-04-13 19:35:25',2,28,'OPEN'),(390,4,'2026-04-13 19:41:26',8,12,'OPEN'),(391,49,'2026-04-13 19:39:17',0,40,'OPEN'),(392,19,'2026-04-13 19:36:27',2,28,'OPEN'),(393,7,'2026-04-13 19:35:40',1,28,'OPEN'),(394,60,'2026-04-13 19:35:48',22,8,'OPEN'),(395,102,'2026-04-13 19:37:16',1,39,'OPEN'),(396,38,'2026-04-13 19:35:55',24,16,'OPEN'),(397,53,'2026-04-13 19:40:10',7,33,'OPEN'),(398,58,'2026-04-13 19:35:34',39,1,'OPEN'),(399,66,'2026-04-13 19:39:48',12,28,'OPEN'),(400,104,'2026-04-13 19:34:15',2,38,'OPEN'),(401,101,'2026-04-13 19:35:04',4,26,'OPEN'),(402,115,'2026-04-13 19:37:58',30,0,'OPEN'),(403,47,'2026-04-13 19:35:04',0,40,'OPEN'),(404,117,'2026-04-13 19:34:51',3,37,'OPEN'),(405,8,'2026-04-13 19:39:22',13,17,'OPEN'),(406,27,'2026-04-13 19:35:12',2,18,'OPEN'),(407,16,'2026-04-13 19:35:42',9,11,'OPEN'),(408,96,'2026-04-13 19:35:37',6,24,'OPEN'),(409,82,'2026-04-13 19:34:39',16,6,'OPEN'),(410,76,'2026-04-13 19:40:35',7,31,'OPEN'),(411,71,'2026-04-13 19:35:36',15,25,'OPEN'),(412,79,'2026-04-13 19:35:01',2,25,'OPEN'),(413,69,'2026-04-13 19:40:09',11,29,'OPEN'),(414,25,'2026-04-13 19:38:09',0,30,'OPEN'),(415,51,'2026-04-13 19:37:05',20,0,'OPEN'),(416,37,'2026-04-13 19:34:52',7,23,'OPEN'),(417,59,'2026-04-13 19:36:25',0,20,'OPEN'),(418,95,'2026-04-13 19:40:01',22,18,'OPEN'),(419,94,'2026-04-13 19:37:04',6,34,'OPEN'),(420,105,'2026-04-13 19:34:12',2,34,'OPEN'),(421,36,'2026-04-13 19:39:43',3,37,'OPEN'),(422,93,'2026-04-13 19:37:37',24,16,'OPEN'),(423,22,'2026-04-13 19:36:33',13,7,'OPEN'),(424,50,'2026-04-13 19:35:36',30,10,'OPEN'),(425,110,'2026-04-13 19:37:39',16,24,'OPEN'),(426,12,'2026-04-13 19:34:25',5,15,'OPEN'),(427,34,'2026-04-13 19:37:36',26,14,'OPEN'),(428,78,'2026-04-13 19:37:33',12,28,'OPEN'),(429,2,'2026-04-13 19:37:34',5,15,'OPEN'),(430,75,'2026-04-13 19:35:19',7,33,'OPEN'),(431,111,'2026-04-13 19:35:05',11,29,'OPEN'),(432,26,'2026-04-13 19:39:42',13,7,'OPEN'),(433,65,'2026-04-13 19:36:23',3,37,'OPEN'),(434,15,'2026-04-13 19:35:00',3,13,'OPEN'),(435,86,'2026-04-13 19:35:30',24,14,'OPEN'),(436,35,'2026-04-13 19:35:50',16,14,'OPEN'),(437,10,'2026-04-13 19:37:48',11,5,'OPEN'),(438,100,'2026-04-13 19:35:06',24,1,'OPEN'),(439,24,'2026-04-13 19:35:51',12,8,'OPEN'),(440,64,'2026-04-13 19:35:41',34,6,'OPEN'),(441,109,'2026-04-13 19:34:58',25,4,'OPEN'),(442,85,'2026-04-13 19:40:41',28,7,'OPEN'),(443,107,'2026-04-13 19:38:28',20,20,'OPEN'),(444,33,'2026-04-13 19:39:24',16,7,'OPEN'),(445,44,'2026-04-13 19:36:40',3,27,'OPEN'),(446,89,'2026-04-13 19:34:43',7,33,'OPEN'),(447,57,'2026-04-13 19:34:46',4,19,'OPEN'),(448,80,'2026-04-13 19:41:20',18,22,'OPEN'),(449,41,'2026-04-13 19:35:18',16,4,'OPEN'),(450,3,'2026-04-13 19:36:21',1,19,'OPEN'),(451,40,'2026-04-13 19:41:38',18,3,'OPEN'),(452,29,'2026-04-13 19:35:45',4,25,'OPEN'),(453,70,'2026-04-13 19:40:22',21,0,'OPEN'),(454,103,'2026-04-13 19:34:46',0,40,'OPEN'),(455,28,'2026-04-13 19:36:05',14,16,'OPEN'),(456,39,'2026-04-13 19:41:17',4,16,'OPEN'),(457,83,'2026-04-13 19:34:46',33,7,'OPEN'),(458,92,'2026-04-13 19:35:49',38,2,'OPEN'),(459,21,'2026-04-13 19:36:20',17,13,'OPEN'),(460,88,'2026-04-13 19:36:50',20,10,'OPEN'),(461,42,'2026-04-13 19:41:19',28,2,'OPEN'),(462,30,'2026-04-13 19:42:02',1,19,'OPEN'),(463,54,'2026-04-13 19:44:58',11,22,'OPEN'),(464,108,'2026-04-13 19:45:05',17,18,'OPEN'),(465,20,'2026-04-13 19:45:29',0,30,'OPEN'),(466,56,'2026-04-13 19:45:45',12,28,'OPEN'),(467,6,'2026-04-13 19:45:16',0,20,'OPEN'),(468,18,'2026-04-13 19:46:11',14,16,'OPEN'),(469,32,'2026-04-13 19:46:00',16,14,'OPEN'),(470,52,'2026-04-13 19:45:12',16,16,'OPEN'),(471,48,'2026-04-13 19:44:59',1,39,'OPEN'),(472,13,'2026-04-13 19:44:41',0,30,'OPEN'),(473,43,'2026-04-13 19:46:00',15,15,'OPEN'),(474,31,'2026-04-13 19:45:43',5,15,'OPEN'),(475,98,'2026-04-13 19:38:06',11,29,'OPEN'),(476,14,'2026-04-13 19:46:11',8,22,'OPEN'),(477,1,'2026-04-13 19:45:41',8,23,'OPEN'),(478,23,'2026-04-13 19:45:10',17,13,'OPEN'),(479,106,'2026-04-13 19:37:22',2,38,'OPEN'),(480,112,'2026-04-13 19:45:33',20,10,'OPEN'),(481,68,'2026-04-13 19:43:24',6,34,'OPEN'),(482,74,'2026-04-13 19:44:58',1,29,'OPEN'),(483,87,'2026-04-13 19:37:39',14,24,'OPEN'),(484,84,'2026-04-13 19:44:40',14,16,'OPEN'),(485,90,'2026-04-13 19:40:43',5,35,'OPEN'),(486,11,'2026-04-13 19:44:59',5,25,'OPEN'),(487,17,'2026-04-13 19:44:56',9,11,'OPEN'),(488,45,'2026-04-13 19:45:13',10,20,'OPEN'),(489,114,'2026-04-13 19:46:24',1,39,'OPEN'),(490,72,'2026-04-13 19:45:23',3,28,'OPEN'),(491,63,'2026-04-13 19:45:28',20,15,'OPEN'),(492,113,'2026-04-13 19:40:02',10,30,'OPEN'),(493,91,'2026-04-13 19:46:31',29,1,'OPEN'),(494,99,'2026-04-13 19:45:06',1,29,'OPEN'),(495,9,'2026-04-13 19:46:35',15,9,'OPEN'),(496,67,'2026-04-13 19:46:04',13,27,'OPEN'),(497,116,'2026-04-13 19:44:42',9,21,'OPEN'),(498,55,'2026-04-13 19:45:51',5,31,'OPEN'),(499,62,'2026-04-13 19:45:51',15,25,'OPEN'),(500,5,'2026-04-13 19:44:23',38,2,'OPEN'),(501,97,'2026-04-13 19:45:06',26,14,'OPEN'),(502,61,'2026-04-13 19:44:42',0,25,'OPEN'),(503,77,'2026-04-13 19:41:08',12,17,'OPEN'),(504,73,'2026-04-13 19:45:25',2,28,'OPEN'),(505,4,'2026-04-13 19:41:26',8,12,'OPEN'),(506,49,'2026-04-13 19:39:17',0,40,'OPEN'),(507,19,'2026-04-13 19:46:27',2,28,'OPEN'),(508,7,'2026-04-13 19:45:43',0,29,'OPEN'),(509,60,'2026-04-13 19:45:48',22,8,'OPEN'),(510,102,'2026-04-13 19:44:27',1,39,'OPEN'),(511,38,'2026-04-13 19:45:36',24,16,'OPEN'),(512,53,'2026-04-13 19:40:10',7,33,'OPEN'),(513,58,'2026-04-13 19:45:35',39,1,'OPEN'),(514,66,'2026-04-13 19:43:31',13,27,'OPEN'),(515,104,'2026-04-13 19:44:16',2,38,'OPEN'),(516,101,'2026-04-13 19:45:05',4,26,'OPEN'),(517,115,'2026-04-13 19:37:58',30,0,'OPEN'),(518,47,'2026-04-13 19:45:05',0,40,'OPEN'),(519,117,'2026-04-13 19:44:52',3,37,'OPEN'),(520,8,'2026-04-13 19:43:50',14,16,'OPEN'),(521,27,'2026-04-13 19:45:14',1,19,'OPEN'),(522,16,'2026-04-13 19:45:43',9,11,'OPEN'),(523,96,'2026-04-13 19:44:25',6,24,'OPEN'),(524,82,'2026-04-13 19:44:40',16,6,'OPEN'),(525,76,'2026-04-13 19:45:02',6,32,'OPEN'),(526,71,'2026-04-13 19:45:37',15,25,'OPEN'),(527,79,'2026-04-13 19:45:02',2,25,'OPEN'),(528,69,'2026-04-13 19:42:43',10,30,'OPEN'),(529,25,'2026-04-13 19:38:09',0,30,'OPEN'),(530,51,'2026-04-13 19:42:40',20,0,'OPEN'),(531,37,'2026-04-13 19:44:53',7,23,'OPEN'),(532,59,'2026-04-13 19:42:30',0,20,'OPEN'),(533,95,'2026-04-13 19:44:48',22,18,'OPEN'),(534,94,'2026-04-13 19:37:04',6,34,'OPEN'),(535,105,'2026-04-13 19:44:13',2,34,'OPEN'),(536,36,'2026-04-13 19:45:20',3,37,'OPEN'),(537,93,'2026-04-13 19:37:37',24,16,'OPEN'),(538,22,'2026-04-13 19:46:25',14,6,'OPEN'),(539,50,'2026-04-13 19:45:40',31,9,'OPEN'),(540,110,'2026-04-13 19:37:39',16,24,'OPEN'),(541,12,'2026-04-13 19:44:25',5,15,'OPEN'),(542,34,'2026-04-13 19:37:36',26,14,'OPEN'),(543,78,'2026-04-13 19:37:33',12,28,'OPEN'),(544,2,'2026-04-13 19:43:51',6,14,'OPEN'),(545,75,'2026-04-13 19:45:19',7,33,'OPEN'),(546,111,'2026-04-13 19:45:06',12,28,'OPEN'),(547,26,'2026-04-13 19:45:08',13,7,'OPEN'),(548,65,'2026-04-13 19:46:25',2,38,'OPEN'),(549,15,'2026-04-13 19:45:01',3,13,'OPEN'),(550,86,'2026-04-13 19:45:30',24,14,'OPEN'),(551,35,'2026-04-13 19:45:51',16,14,'OPEN'),(552,10,'2026-04-13 19:45:43',11,5,'OPEN'),(553,100,'2026-04-13 19:45:07',24,1,'OPEN'),(554,24,'2026-04-13 19:45:51',12,8,'OPEN'),(555,64,'2026-04-13 19:45:42',35,5,'OPEN'),(556,109,'2026-04-13 19:44:59',25,4,'OPEN'),(557,85,'2026-04-13 19:40:41',28,7,'OPEN'),(558,107,'2026-04-13 19:38:28',20,20,'OPEN'),(559,33,'2026-04-13 19:39:24',16,7,'OPEN'),(560,44,'2026-04-13 19:44:47',3,27,'OPEN'),(561,89,'2026-04-13 19:44:43',7,33,'OPEN'),(562,57,'2026-04-13 19:44:47',4,19,'OPEN'),(563,80,'2026-04-13 19:45:17',18,22,'OPEN'),(564,41,'2026-04-13 19:45:19',16,4,'OPEN'),(565,3,'2026-04-13 19:46:22',2,18,'OPEN'),(566,40,'2026-04-13 19:41:47',18,3,'OPEN'),(567,29,'2026-04-13 19:45:45',4,25,'OPEN'),(568,70,'2026-04-13 19:40:22',21,0,'OPEN'),(569,103,'2026-04-13 19:44:47',0,40,'OPEN'),(570,28,'2026-04-13 19:46:30',14,16,'OPEN'),(571,39,'2026-04-13 19:43:41',3,17,'OPEN'),(572,83,'2026-04-13 19:44:47',33,7,'OPEN'),(573,92,'2026-04-13 19:45:50',38,2,'OPEN'),(574,21,'2026-04-13 19:46:21',17,13,'OPEN'),(575,88,'2026-04-13 19:44:55',20,10,'OPEN'),(576,42,'2026-04-13 19:41:19',28,2,'OPEN'),(577,30,'2026-04-13 19:42:02',1,19,'OPEN'),(578,54,'2026-04-13 19:44:58',11,22,'OPEN'),(579,108,'2026-04-13 19:45:05',17,18,'OPEN'),(580,20,'2026-04-13 19:45:29',0,30,'OPEN'),(581,56,'2026-04-13 19:45:45',12,28,'OPEN'),(582,6,'2026-04-13 19:45:16',0,20,'OPEN'),(583,18,'2026-04-13 19:46:11',14,16,'OPEN'),(584,32,'2026-04-13 19:46:00',16,14,'OPEN'),(585,52,'2026-04-13 19:45:12',16,16,'OPEN'),(586,48,'2026-04-13 19:44:59',1,39,'OPEN'),(587,13,'2026-04-13 19:44:41',0,30,'OPEN'),(588,43,'2026-04-13 19:46:00',15,15,'OPEN'),(589,31,'2026-04-13 19:45:43',5,15,'OPEN'),(590,98,'2026-04-13 19:38:06',11,29,'OPEN'),(591,14,'2026-04-13 19:46:11',8,22,'OPEN'),(592,1,'2026-04-13 19:45:41',8,23,'OPEN'),(593,23,'2026-04-13 19:45:10',17,13,'OPEN'),(594,106,'2026-04-13 19:37:22',2,38,'OPEN'),(595,112,'2026-04-13 19:45:33',20,10,'OPEN'),(596,68,'2026-04-13 19:43:24',6,34,'OPEN'),(597,74,'2026-04-13 19:44:58',1,29,'OPEN'),(598,87,'2026-04-13 19:37:39',14,24,'OPEN'),(599,84,'2026-04-13 19:44:40',14,16,'OPEN'),(600,90,'2026-04-13 19:40:43',5,35,'OPEN'),(601,11,'2026-04-13 19:44:59',5,25,'OPEN'),(602,17,'2026-04-13 19:44:56',9,11,'OPEN'),(603,45,'2026-04-13 19:45:13',10,20,'OPEN'),(604,114,'2026-04-13 19:46:24',1,39,'OPEN'),(605,72,'2026-04-13 19:45:23',3,28,'OPEN'),(606,63,'2026-04-13 19:45:28',20,15,'OPEN'),(607,113,'2026-04-13 19:40:02',10,30,'OPEN'),(608,91,'2026-04-13 19:46:31',29,1,'OPEN'),(609,99,'2026-04-13 19:45:06',1,29,'OPEN'),(610,9,'2026-04-13 19:46:35',15,9,'OPEN'),(611,67,'2026-04-13 19:46:04',13,27,'OPEN'),(612,116,'2026-04-13 19:44:42',9,21,'OPEN'),(613,55,'2026-04-13 19:45:51',5,31,'OPEN'),(614,62,'2026-04-13 19:45:51',15,25,'OPEN'),(615,5,'2026-04-13 19:44:23',38,2,'OPEN'),(616,97,'2026-04-13 19:45:06',26,14,'OPEN'),(617,61,'2026-04-13 19:44:42',0,25,'OPEN'),(618,77,'2026-04-13 19:41:08',12,17,'OPEN'),(619,73,'2026-04-13 19:45:25',2,28,'OPEN'),(620,4,'2026-04-13 19:41:26',8,12,'OPEN'),(621,49,'2026-04-13 19:39:17',0,40,'OPEN'),(622,19,'2026-04-13 19:46:27',2,28,'OPEN'),(623,7,'2026-04-13 19:45:43',0,29,'OPEN'),(624,60,'2026-04-13 19:45:48',22,8,'OPEN'),(625,102,'2026-04-13 19:44:27',1,39,'OPEN'),(626,38,'2026-04-13 19:45:36',24,16,'OPEN'),(627,53,'2026-04-13 19:40:10',7,33,'OPEN'),(628,58,'2026-04-13 19:45:35',39,1,'OPEN'),(629,66,'2026-04-13 19:43:31',13,27,'OPEN'),(630,104,'2026-04-13 19:44:16',2,38,'OPEN'),(631,101,'2026-04-13 19:45:05',4,26,'OPEN'),(632,115,'2026-04-13 19:37:58',30,0,'OPEN'),(633,47,'2026-04-13 19:45:05',0,40,'OPEN'),(634,117,'2026-04-13 19:44:52',3,37,'OPEN'),(635,8,'2026-04-13 19:43:50',14,16,'OPEN'),(636,27,'2026-04-13 19:45:14',1,19,'OPEN'),(637,16,'2026-04-13 19:45:43',9,11,'OPEN'),(638,96,'2026-04-13 19:44:25',6,24,'OPEN'),(639,82,'2026-04-13 19:44:40',16,6,'OPEN'),(640,76,'2026-04-13 19:45:02',6,32,'OPEN'),(641,71,'2026-04-13 19:45:37',15,25,'OPEN'),(642,79,'2026-04-13 19:45:02',2,25,'OPEN'),(643,69,'2026-04-13 19:42:43',10,30,'OPEN'),(644,25,'2026-04-13 19:38:09',0,30,'OPEN'),(645,51,'2026-04-13 19:42:40',20,0,'OPEN'),(646,37,'2026-04-13 19:44:53',7,23,'OPEN'),(647,59,'2026-04-13 19:42:30',0,20,'OPEN'),(648,95,'2026-04-13 19:44:48',22,18,'OPEN'),(649,94,'2026-04-13 19:37:04',6,34,'OPEN'),(650,105,'2026-04-13 19:44:13',2,34,'OPEN'),(651,36,'2026-04-13 19:45:20',3,37,'OPEN'),(652,93,'2026-04-13 19:37:37',24,16,'OPEN'),(653,22,'2026-04-13 19:46:25',14,6,'OPEN'),(654,50,'2026-04-13 19:45:40',31,9,'OPEN'),(655,110,'2026-04-13 19:37:39',16,24,'OPEN'),(656,12,'2026-04-13 19:44:25',5,15,'OPEN'),(657,34,'2026-04-13 19:37:36',26,14,'OPEN'),(658,78,'2026-04-13 19:37:33',12,28,'OPEN'),(659,2,'2026-04-13 19:43:51',6,14,'OPEN'),(660,75,'2026-04-13 19:45:19',7,33,'OPEN'),(661,111,'2026-04-13 19:45:06',12,28,'OPEN'),(662,26,'2026-04-13 19:45:08',13,7,'OPEN'),(663,65,'2026-04-13 19:46:25',2,38,'OPEN'),(664,15,'2026-04-13 19:45:01',3,13,'OPEN'),(665,86,'2026-04-13 19:45:30',24,14,'OPEN'),(666,35,'2026-04-13 19:45:51',16,14,'OPEN'),(667,10,'2026-04-13 19:45:43',11,5,'OPEN'),(668,100,'2026-04-13 19:45:07',24,1,'OPEN'),(669,24,'2026-04-13 19:45:51',12,8,'OPEN'),(670,64,'2026-04-13 19:45:42',35,5,'OPEN'),(671,109,'2026-04-13 19:44:59',25,4,'OPEN'),(672,85,'2026-04-13 19:40:41',28,7,'OPEN'),(673,107,'2026-04-13 19:38:28',20,20,'OPEN'),(674,33,'2026-04-13 19:39:24',16,7,'OPEN'),(675,44,'2026-04-13 19:44:47',3,27,'OPEN'),(676,89,'2026-04-13 19:44:43',7,33,'OPEN'),(677,57,'2026-04-13 19:44:47',4,19,'OPEN'),(678,80,'2026-04-13 19:45:17',18,22,'OPEN'),(679,41,'2026-04-13 19:45:19',16,4,'OPEN'),(680,3,'2026-04-13 19:46:22',2,18,'OPEN'),(681,40,'2026-04-13 19:41:47',18,3,'OPEN'),(682,29,'2026-04-13 19:45:45',4,25,'OPEN'),(683,70,'2026-04-13 19:40:22',21,0,'OPEN'),(684,103,'2026-04-13 19:44:47',0,40,'OPEN'),(685,28,'2026-04-13 19:46:30',14,16,'OPEN'),(686,39,'2026-04-13 19:43:41',3,17,'OPEN'),(687,83,'2026-04-13 19:44:47',33,7,'OPEN'),(688,92,'2026-04-13 19:45:50',38,2,'OPEN'),(689,21,'2026-04-13 19:46:21',17,13,'OPEN'),(690,88,'2026-04-13 19:44:55',20,10,'OPEN'),(691,42,'2026-04-13 20:14:55',29,1,'OPEN'),(692,42,'2026-04-13 20:14:55',29,1,'OPEN'),(693,30,'2026-04-13 20:12:04',1,19,'OPEN'),(694,54,'2026-04-13 20:15:00',11,22,'OPEN'),(695,30,'2026-04-13 20:12:04',1,19,'OPEN'),(696,108,'2026-04-13 20:15:09',18,17,'OPEN'),(697,54,'2026-04-13 20:15:00',11,22,'OPEN'),(698,20,'2026-04-13 20:15:31',0,30,'OPEN'),(699,108,'2026-04-13 20:15:09',18,17,'OPEN'),(700,56,'2026-04-13 20:15:50',12,28,'OPEN'),(701,20,'2026-04-13 20:15:31',0,30,'OPEN'),(702,6,'2026-04-13 20:15:18',0,20,'OPEN'),(703,56,'2026-04-13 20:15:50',12,28,'OPEN'),(704,18,'2026-04-13 20:16:15',14,16,'OPEN'),(705,6,'2026-04-13 20:15:18',0,20,'OPEN'),(706,32,'2026-04-13 20:17:29',19,11,'OPEN'),(707,18,'2026-04-13 20:16:15',14,16,'OPEN'),(708,52,'2026-04-13 20:15:14',16,16,'OPEN'),(709,32,'2026-04-13 20:17:29',19,11,'OPEN'),(710,48,'2026-04-13 20:15:01',1,39,'OPEN'),(711,52,'2026-04-13 20:15:14',16,16,'OPEN'),(712,13,'2026-04-13 20:14:44',1,29,'OPEN'),(713,48,'2026-04-13 20:15:01',1,39,'OPEN'),(714,43,'2026-04-13 20:15:50',18,12,'OPEN'),(715,13,'2026-04-13 20:14:44',1,29,'OPEN'),(716,31,'2026-04-13 20:15:47',5,15,'OPEN'),(717,43,'2026-04-13 20:15:50',18,12,'OPEN'),(718,98,'2026-04-13 20:08:08',11,29,'OPEN'),(719,31,'2026-04-13 20:15:47',5,15,'OPEN'),(720,14,'2026-04-13 20:17:36',9,21,'OPEN'),(721,98,'2026-04-13 20:08:08',11,29,'OPEN'),(722,1,'2026-04-13 20:15:46',8,23,'OPEN'),(723,14,'2026-04-13 20:17:36',9,21,'OPEN'),(724,23,'2026-04-13 20:15:13',18,12,'OPEN'),(725,1,'2026-04-13 20:15:46',8,23,'OPEN'),(726,106,'2026-04-13 20:17:29',0,40,'OPEN'),(727,23,'2026-04-13 20:15:13',18,12,'OPEN'),(728,112,'2026-04-13 20:15:36',21,9,'OPEN'),(729,106,'2026-04-13 20:17:29',0,40,'OPEN'),(730,68,'2026-04-13 20:16:52',5,35,'OPEN'),(731,112,'2026-04-13 20:15:36',21,9,'OPEN'),(732,68,'2026-04-13 20:16:52',5,35,'OPEN'),(733,74,'2026-04-13 20:07:45',1,29,'OPEN'),(734,74,'2026-04-13 20:07:45',1,29,'OPEN'),(735,87,'2026-04-13 20:07:43',14,24,'OPEN'),(736,87,'2026-04-13 20:07:43',14,24,'OPEN'),(737,84,'2026-04-13 20:14:41',14,16,'OPEN'),(738,84,'2026-04-13 20:14:41',14,16,'OPEN'),(739,90,'2026-04-13 20:10:49',4,36,'OPEN'),(740,90,'2026-04-13 20:10:49',4,36,'OPEN'),(741,11,'2026-04-13 20:15:01',5,25,'OPEN'),(742,11,'2026-04-13 20:15:01',5,25,'OPEN'),(743,17,'2026-04-13 20:15:00',10,10,'OPEN'),(744,17,'2026-04-13 20:15:00',10,10,'OPEN'),(745,45,'2026-04-13 20:15:16',11,19,'OPEN'),(746,45,'2026-04-13 20:15:16',11,19,'OPEN'),(747,114,'2026-04-13 20:16:26',1,39,'OPEN'),(748,114,'2026-04-13 20:16:26',1,39,'OPEN'),(749,72,'2026-04-13 20:15:25',3,28,'OPEN'),(750,72,'2026-04-13 20:15:25',3,28,'OPEN'),(751,63,'2026-04-13 20:15:36',16,19,'OPEN'),(752,63,'2026-04-13 20:15:36',16,19,'OPEN'),(753,113,'2026-04-13 20:10:04',10,30,'OPEN'),(754,113,'2026-04-13 20:10:04',10,30,'OPEN'),(755,91,'2026-04-13 20:08:44',29,1,'OPEN'),(756,91,'2026-04-13 20:08:44',29,1,'OPEN'),(757,99,'2026-04-13 20:15:08',1,29,'OPEN'),(758,99,'2026-04-13 20:15:08',1,29,'OPEN'),(759,9,'2026-04-13 20:16:39',15,9,'OPEN'),(760,9,'2026-04-13 20:16:39',15,9,'OPEN'),(761,67,'2026-04-13 20:16:07',15,25,'OPEN'),(762,67,'2026-04-13 20:16:07',15,25,'OPEN'),(763,116,'2026-04-13 20:14:43',9,21,'OPEN'),(764,116,'2026-04-13 20:14:43',9,21,'OPEN'),(765,55,'2026-04-13 20:15:56',4,32,'OPEN'),(766,55,'2026-04-13 20:15:56',4,32,'OPEN'),(767,62,'2026-04-13 20:15:56',12,28,'OPEN'),(768,62,'2026-04-13 20:15:56',12,28,'OPEN'),(769,5,'2026-04-13 20:14:56',39,1,'OPEN'),(770,5,'2026-04-13 20:14:56',39,1,'OPEN'),(771,97,'2026-04-13 20:15:08',26,14,'OPEN'),(772,97,'2026-04-13 20:15:08',26,14,'OPEN'),(773,61,'2026-04-13 20:14:44',0,25,'OPEN'),(774,61,'2026-04-13 20:14:44',0,25,'OPEN'),(775,77,'2026-04-13 20:14:12',9,20,'OPEN'),(776,77,'2026-04-13 20:14:12',9,20,'OPEN'),(777,73,'2026-04-13 20:15:30',2,28,'OPEN'),(778,73,'2026-04-13 20:15:30',2,28,'OPEN'),(779,4,'2026-04-13 20:11:28',8,12,'OPEN'),(780,4,'2026-04-13 20:11:28',8,12,'OPEN'),(781,49,'2026-04-13 20:13:07',2,38,'OPEN'),(782,49,'2026-04-13 20:13:07',2,38,'OPEN'),(783,19,'2026-04-13 20:16:31',3,27,'OPEN'),(784,19,'2026-04-13 20:16:31',3,27,'OPEN'),(785,7,'2026-04-13 20:15:44',0,29,'OPEN'),(786,7,'2026-04-13 20:15:44',0,29,'OPEN'),(787,60,'2026-04-13 20:15:53',24,6,'OPEN'),(788,60,'2026-04-13 20:15:53',24,6,'OPEN'),(789,102,'2026-04-13 20:14:30',1,39,'OPEN'),(790,102,'2026-04-13 20:14:30',1,39,'OPEN'),(791,38,'2026-04-13 20:16:26',26,14,'OPEN'),(792,38,'2026-04-13 20:16:26',26,14,'OPEN'),(793,53,'2026-04-13 20:10:12',7,33,'OPEN'),(794,53,'2026-04-13 20:10:12',7,33,'OPEN'),(795,58,'2026-04-13 20:15:39',38,2,'OPEN'),(796,58,'2026-04-13 20:15:39',38,2,'OPEN'),(797,66,'2026-04-13 20:10:12',8,32,'OPEN'),(798,66,'2026-04-13 20:10:12',8,32,'OPEN'),(799,104,'2026-04-13 20:14:18',2,38,'OPEN'),(800,104,'2026-04-13 20:14:18',2,38,'OPEN'),(801,101,'2026-04-13 20:15:09',5,25,'OPEN'),(802,101,'2026-04-13 20:15:09',5,25,'OPEN'),(803,115,'2026-04-13 20:07:59',30,0,'OPEN'),(804,115,'2026-04-13 20:07:59',30,0,'OPEN'),(805,47,'2026-04-13 20:15:06',0,40,'OPEN'),(806,47,'2026-04-13 20:15:06',0,40,'OPEN'),(807,117,'2026-04-13 20:14:54',3,37,'OPEN'),(808,117,'2026-04-13 20:14:54',3,37,'OPEN'),(809,8,'2026-04-13 20:16:45',15,15,'OPEN'),(810,8,'2026-04-13 20:16:45',15,15,'OPEN'),(811,27,'2026-04-13 20:15:16',1,19,'OPEN'),(812,27,'2026-04-13 20:15:16',1,19,'OPEN'),(813,16,'2026-04-13 20:15:49',10,10,'OPEN'),(814,16,'2026-04-13 20:15:49',10,10,'OPEN'),(815,96,'2026-04-13 20:14:27',6,24,'OPEN'),(816,96,'2026-04-13 20:14:27',6,24,'OPEN'),(817,82,'2026-04-13 20:14:43',16,6,'OPEN'),(818,82,'2026-04-13 20:14:43',16,6,'OPEN'),(819,76,'2026-04-13 20:15:00',7,31,'OPEN'),(820,76,'2026-04-13 20:15:00',7,31,'OPEN'),(821,71,'2026-04-13 20:15:41',15,25,'OPEN'),(822,71,'2026-04-13 20:15:41',15,25,'OPEN'),(823,79,'2026-04-13 20:15:05',2,25,'OPEN'),(824,79,'2026-04-13 20:15:05',2,25,'OPEN'),(825,69,'2026-04-13 20:16:02',10,30,'OPEN'),(826,69,'2026-04-13 20:16:02',10,30,'OPEN'),(827,25,'2026-04-13 20:08:11',0,30,'OPEN'),(828,25,'2026-04-13 20:08:11',0,30,'OPEN'),(829,51,'2026-04-13 20:17:08',20,0,'OPEN'),(830,51,'2026-04-13 20:17:08',20,0,'OPEN'),(831,37,'2026-04-13 20:14:54',7,23,'OPEN'),(832,37,'2026-04-13 20:14:54',7,23,'OPEN'),(833,59,'2026-04-13 20:12:32',0,20,'OPEN'),(834,59,'2026-04-13 20:12:32',0,20,'OPEN'),(835,95,'2026-04-13 20:14:54',21,19,'OPEN'),(836,95,'2026-04-13 20:14:54',21,19,'OPEN'),(837,94,'2026-04-13 20:17:06',6,34,'OPEN'),(838,94,'2026-04-13 20:17:06',6,34,'OPEN'),(839,105,'2026-04-13 20:14:14',2,34,'OPEN'),(840,105,'2026-04-13 20:14:14',2,34,'OPEN'),(841,36,'2026-04-13 20:15:22',3,37,'OPEN'),(842,36,'2026-04-13 20:15:22',3,37,'OPEN'),(843,93,'2026-04-13 20:07:39',24,16,'OPEN'),(844,93,'2026-04-13 20:07:39',24,16,'OPEN'),(845,22,'2026-04-13 20:15:51',15,5,'OPEN'),(846,22,'2026-04-13 20:15:51',15,5,'OPEN'),(847,50,'2026-04-13 20:16:08',32,8,'OPEN'),(848,50,'2026-04-13 20:16:08',32,8,'OPEN'),(849,110,'2026-04-13 20:07:42',16,24,'OPEN'),(850,110,'2026-04-13 20:07:42',16,24,'OPEN'),(851,12,'2026-04-13 20:14:29',4,16,'OPEN'),(852,12,'2026-04-13 20:14:29',4,16,'OPEN'),(853,34,'2026-04-13 20:14:12',24,16,'OPEN'),(854,34,'2026-04-13 20:14:12',24,16,'OPEN'),(855,78,'2026-04-13 20:17:35',12,28,'OPEN'),(856,78,'2026-04-13 20:17:35',12,28,'OPEN'),(857,2,'2026-04-13 20:14:19',9,11,'OPEN'),(858,2,'2026-04-13 20:14:19',9,11,'OPEN'),(859,75,'2026-04-13 20:15:23',9,31,'OPEN'),(860,75,'2026-04-13 20:15:23',9,31,'OPEN'),(861,111,'2026-04-13 20:15:08',12,28,'OPEN'),(862,111,'2026-04-13 20:15:08',12,28,'OPEN'),(863,26,'2026-04-13 20:15:11',13,7,'OPEN'),(864,26,'2026-04-13 20:15:11',13,7,'OPEN'),(865,65,'2026-04-13 20:16:28',3,37,'OPEN'),(866,65,'2026-04-13 20:16:28',3,37,'OPEN'),(867,15,'2026-04-13 20:15:03',3,13,'OPEN'),(868,15,'2026-04-13 20:15:03',3,13,'OPEN'),(869,86,'2026-04-13 20:15:33',24,14,'OPEN'),(870,86,'2026-04-13 20:15:33',24,14,'OPEN'),(871,35,'2026-04-13 20:15:53',17,13,'OPEN'),(872,35,'2026-04-13 20:15:53',17,13,'OPEN'),(873,10,'2026-04-13 20:15:53',9,7,'OPEN'),(874,10,'2026-04-13 20:15:53',9,7,'OPEN'),(875,100,'2026-04-13 20:16:34',23,2,'OPEN'),(876,100,'2026-04-13 20:16:34',23,2,'OPEN'),(877,24,'2026-04-13 20:15:59',9,11,'OPEN'),(878,24,'2026-04-13 20:15:59',9,11,'OPEN'),(879,64,'2026-04-13 20:15:51',33,7,'OPEN'),(880,64,'2026-04-13 20:15:51',33,7,'OPEN'),(881,109,'2026-04-13 20:15:03',26,3,'OPEN'),(882,109,'2026-04-13 20:15:03',26,3,'OPEN'),(883,85,'2026-04-13 20:10:43',28,7,'OPEN'),(884,85,'2026-04-13 20:10:43',28,7,'OPEN'),(885,107,'2026-04-13 20:08:30',20,20,'OPEN'),(886,107,'2026-04-13 20:08:30',20,20,'OPEN'),(887,33,'2026-04-13 20:09:30',16,7,'OPEN'),(888,33,'2026-04-13 20:09:30',16,7,'OPEN'),(889,44,'2026-04-13 20:14:50',5,25,'OPEN'),(890,44,'2026-04-13 20:14:50',5,25,'OPEN'),(891,89,'2026-04-13 20:14:46',7,33,'OPEN'),(892,89,'2026-04-13 20:14:46',7,33,'OPEN'),(893,57,'2026-04-13 20:14:51',3,20,'OPEN'),(894,57,'2026-04-13 20:14:51',3,20,'OPEN'),(895,80,'2026-04-13 20:16:35',17,23,'OPEN'),(896,80,'2026-04-13 20:16:35',17,23,'OPEN'),(897,41,'2026-04-13 20:15:21',16,4,'OPEN'),(898,41,'2026-04-13 20:15:21',16,4,'OPEN'),(899,3,'2026-04-13 20:16:27',0,20,'OPEN'),(900,3,'2026-04-13 20:16:27',0,20,'OPEN'),(901,40,'2026-04-13 20:15:00',20,1,'OPEN'),(902,40,'2026-04-13 20:15:00',20,1,'OPEN'),(903,29,'2026-04-13 20:15:49',3,26,'OPEN'),(904,29,'2026-04-13 20:15:49',3,26,'OPEN'),(905,70,'2026-04-13 20:17:11',21,0,'OPEN'),(906,70,'2026-04-13 20:17:11',21,0,'OPEN'),(907,103,'2026-04-13 20:14:48',0,40,'OPEN'),(908,103,'2026-04-13 20:14:48',0,40,'OPEN'),(909,28,'2026-04-13 20:16:11',13,17,'OPEN'),(910,28,'2026-04-13 20:16:11',13,17,'OPEN'),(911,39,'2026-04-13 20:11:24',4,16,'OPEN'),(912,39,'2026-04-13 20:11:24',4,16,'OPEN'),(913,83,'2026-04-13 20:14:50',34,6,'OPEN'),(914,83,'2026-04-13 20:14:50',34,6,'OPEN'),(915,92,'2026-04-13 20:15:54',37,3,'OPEN'),(916,92,'2026-04-13 20:15:54',37,3,'OPEN'),(917,21,'2026-04-13 20:16:28',14,16,'OPEN'),(918,21,'2026-04-13 20:16:28',14,16,'OPEN'),(919,88,'2026-04-13 20:14:57',19,11,'OPEN'),(920,88,'2026-04-13 20:14:57',19,11,'OPEN'),(921,42,'2026-04-13 20:21:23',29,1,'OPEN'),(922,30,'2026-04-13 20:22:05',1,19,'OPEN'),(923,54,'2026-04-13 20:25:01',11,22,'OPEN'),(924,108,'2026-04-13 20:25:09',18,17,'OPEN'),(925,20,'2026-04-13 20:25:32',0,30,'OPEN'),(926,56,'2026-04-13 20:25:51',12,28,'OPEN'),(927,6,'2026-04-13 20:25:18',0,20,'OPEN'),(928,18,'2026-04-13 20:26:18',15,15,'OPEN'),(929,32,'2026-04-13 20:26:11',19,11,'OPEN'),(930,52,'2026-04-13 20:25:14',16,16,'OPEN'),(931,48,'2026-04-13 20:28:27',3,37,'OPEN'),(932,13,'2026-04-13 20:24:44',1,29,'OPEN'),(933,43,'2026-04-13 20:25:51',18,12,'OPEN'),(934,31,'2026-04-13 20:28:35',4,16,'OPEN'),(935,98,'2026-04-13 20:28:09',11,29,'OPEN'),(936,14,'2026-04-13 20:26:20',8,22,'OPEN'),(937,1,'2026-04-13 20:25:48',9,22,'OPEN'),(938,23,'2026-04-13 20:26:07',19,11,'OPEN'),(939,106,'2026-04-13 20:27:30',0,40,'OPEN'),(940,112,'2026-04-13 20:25:36',21,9,'OPEN'),(941,68,'2026-04-13 20:26:53',6,34,'OPEN'),(942,74,'2026-04-13 20:27:46',1,29,'OPEN'),(943,87,'2026-04-13 20:27:44',14,24,'OPEN'),(944,84,'2026-04-13 20:24:42',14,16,'OPEN'),(945,90,'2026-04-13 20:19:53',4,36,'OPEN'),(946,11,'2026-04-13 20:25:04',4,26,'OPEN'),(947,17,'2026-04-13 20:25:00',10,10,'OPEN'),(948,45,'2026-04-13 20:26:03',10,20,'OPEN'),(949,114,'2026-04-13 20:26:27',1,39,'OPEN'),(950,72,'2026-04-13 20:25:25',3,28,'OPEN'),(951,63,'2026-04-13 20:25:36',16,19,'OPEN'),(952,113,'2026-04-13 20:20:04',10,30,'OPEN'),(953,91,'2026-04-13 20:25:57',28,2,'OPEN'),(954,99,'2026-04-13 20:25:09',1,29,'OPEN'),(955,9,'2026-04-13 20:26:41',14,10,'OPEN'),(956,67,'2026-04-13 20:26:07',15,25,'OPEN'),(957,116,'2026-04-13 20:24:44',9,21,'OPEN'),(958,55,'2026-04-13 20:28:14',3,33,'OPEN'),(959,62,'2026-04-13 20:25:57',12,28,'OPEN'),(960,5,'2026-04-13 20:21:08',40,0,'OPEN'),(961,97,'2026-04-13 20:25:10',25,15,'OPEN'),(962,61,'2026-04-13 20:24:45',0,25,'OPEN'),(963,77,'2026-04-13 20:21:39',10,19,'OPEN'),(964,73,'2026-04-13 20:25:31',2,28,'OPEN'),(965,4,'2026-04-13 20:21:28',8,12,'OPEN'),(966,49,'2026-04-13 20:19:39',3,37,'OPEN'),(967,19,'2026-04-13 20:26:33',2,28,'OPEN'),(968,7,'2026-04-13 20:25:45',0,29,'OPEN'),(969,60,'2026-04-13 20:25:56',23,7,'OPEN'),(970,102,'2026-04-13 20:24:31',1,39,'OPEN'),(971,38,'2026-04-13 20:25:45',25,15,'OPEN'),(972,53,'2026-04-13 20:20:13',7,33,'OPEN'),(973,58,'2026-04-13 20:25:40',38,2,'OPEN'),(974,66,'2026-04-13 20:23:43',8,32,'OPEN'),(975,104,'2026-04-13 20:24:18',2,38,'OPEN'),(976,101,'2026-04-13 20:27:38',6,24,'OPEN'),(977,115,'2026-04-13 20:28:01',30,0,'OPEN'),(978,47,'2026-04-13 20:25:07',0,40,'OPEN'),(979,117,'2026-04-13 20:24:55',3,37,'OPEN'),(980,8,'2026-04-13 20:26:45',15,15,'OPEN'),(981,27,'2026-04-13 20:25:17',0,20,'OPEN'),(982,16,'2026-04-13 20:25:50',10,10,'OPEN'),(983,96,'2026-04-13 20:24:27',6,24,'OPEN'),(984,82,'2026-04-13 20:24:44',17,5,'OPEN'),(985,76,'2026-04-13 20:25:03',9,29,'OPEN'),(986,71,'2026-04-13 20:28:35',14,26,'OPEN'),(987,79,'2026-04-13 20:25:05',2,25,'OPEN'),(988,69,'2026-04-13 20:27:07',8,32,'OPEN'),(989,25,'2026-04-13 20:28:13',0,30,'OPEN'),(990,51,'2026-04-13 20:27:08',20,0,'OPEN'),(991,37,'2026-04-13 20:24:55',7,23,'OPEN'),(992,59,'2026-04-13 20:22:34',1,19,'OPEN'),(993,95,'2026-04-13 20:24:55',21,19,'OPEN'),(994,94,'2026-04-13 20:27:07',6,34,'OPEN'),(995,105,'2026-04-13 20:24:15',2,34,'OPEN'),(996,36,'2026-04-13 20:25:25',2,38,'OPEN'),(997,93,'2026-04-13 20:27:40',24,16,'OPEN'),(998,22,'2026-04-13 20:28:00',13,7,'OPEN'),(999,50,'2026-04-13 20:25:45',34,6,'OPEN'),(1000,110,'2026-04-13 20:27:43',16,24,'OPEN'),(1001,12,'2026-04-13 20:24:36',5,15,'OPEN'),(1002,34,'2026-04-13 20:27:45',24,16,'OPEN'),(1003,78,'2026-04-13 20:27:36',12,28,'OPEN'),(1004,2,'2026-04-13 20:27:42',10,10,'OPEN'),(1005,75,'2026-04-13 20:25:25',10,30,'OPEN'),(1006,111,'2026-04-13 20:26:42',11,29,'OPEN'),(1007,26,'2026-04-13 20:25:11',13,7,'OPEN'),(1008,65,'2026-04-13 20:26:29',3,37,'OPEN'),(1009,15,'2026-04-13 20:25:03',3,13,'OPEN'),(1010,86,'2026-04-13 20:25:33',24,14,'OPEN'),(1011,35,'2026-04-13 20:28:27',15,15,'OPEN'),(1012,10,'2026-04-13 20:28:02',10,6,'OPEN'),(1013,100,'2026-04-13 20:25:11',22,3,'OPEN'),(1014,24,'2026-04-13 20:28:37',10,10,'OPEN'),(1015,64,'2026-04-13 20:25:52',33,7,'OPEN'),(1016,109,'2026-04-13 20:25:04',27,2,'OPEN'),(1017,85,'2026-04-13 20:20:44',28,7,'OPEN'),(1018,107,'2026-04-13 20:28:31',20,20,'OPEN'),(1019,33,'2026-04-13 20:23:43',15,8,'OPEN'),(1020,44,'2026-04-13 20:24:51',5,25,'OPEN'),(1021,89,'2026-04-13 20:28:38',6,34,'OPEN'),(1022,57,'2026-04-13 20:24:54',2,21,'OPEN'),(1023,80,'2026-04-13 20:25:22',17,23,'OPEN'),(1024,41,'2026-04-13 20:25:21',16,4,'OPEN'),(1025,3,'2026-04-13 20:26:28',0,20,'OPEN'),(1026,40,'2026-04-13 20:24:25',19,2,'OPEN'),(1027,29,'2026-04-13 20:25:49',3,26,'OPEN'),(1028,70,'2026-04-13 20:24:49',21,0,'OPEN'),(1029,103,'2026-04-13 20:24:49',0,40,'OPEN'),(1030,28,'2026-04-13 20:26:12',14,16,'OPEN'),(1031,39,'2026-04-13 20:21:24',4,16,'OPEN'),(1032,83,'2026-04-13 20:24:50',34,6,'OPEN'),(1033,92,'2026-04-13 20:25:55',37,3,'OPEN'),(1034,21,'2026-04-13 20:26:29',14,16,'OPEN'),(1035,88,'2026-04-13 20:24:59',20,10,'OPEN'),(1036,42,'2026-04-13 20:21:23',29,1,'OPEN'),(1037,30,'2026-04-13 20:22:05',1,19,'OPEN'),(1038,54,'2026-04-13 20:25:01',11,22,'OPEN'),(1039,108,'2026-04-13 20:25:09',18,17,'OPEN'),(1040,20,'2026-04-13 20:25:32',0,30,'OPEN'),(1041,56,'2026-04-13 20:25:51',12,28,'OPEN'),(1042,6,'2026-04-13 20:25:18',0,20,'OPEN'),(1043,18,'2026-04-13 20:26:18',15,15,'OPEN'),(1044,32,'2026-04-13 20:26:11',19,11,'OPEN'),(1045,52,'2026-04-13 20:25:14',16,16,'OPEN'),(1046,48,'2026-04-13 20:28:27',3,37,'OPEN'),(1047,13,'2026-04-13 20:24:44',1,29,'OPEN'),(1048,43,'2026-04-13 20:25:51',18,12,'OPEN'),(1049,31,'2026-04-13 20:28:35',4,16,'OPEN'),(1050,98,'2026-04-13 20:28:09',11,29,'OPEN'),(1051,14,'2026-04-13 20:26:20',8,22,'OPEN'),(1052,1,'2026-04-13 20:25:48',9,22,'OPEN'),(1053,23,'2026-04-13 20:26:07',19,11,'OPEN'),(1054,106,'2026-04-13 20:27:30',0,40,'OPEN'),(1055,112,'2026-04-13 20:25:36',21,9,'OPEN'),(1056,68,'2026-04-13 20:26:53',6,34,'OPEN'),(1057,74,'2026-04-13 20:27:46',1,29,'OPEN'),(1058,87,'2026-04-13 20:27:44',14,24,'OPEN'),(1059,84,'2026-04-13 20:24:42',14,16,'OPEN'),(1060,90,'2026-04-13 20:19:53',4,36,'OPEN'),(1061,11,'2026-04-13 20:25:04',4,26,'OPEN'),(1062,17,'2026-04-13 20:25:00',10,10,'OPEN'),(1063,45,'2026-04-13 20:26:03',10,20,'OPEN'),(1064,114,'2026-04-13 20:26:27',1,39,'OPEN'),(1065,72,'2026-04-13 20:25:25',3,28,'OPEN'),(1066,63,'2026-04-13 20:25:36',16,19,'OPEN'),(1067,113,'2026-04-13 20:20:04',10,30,'OPEN'),(1068,91,'2026-04-13 20:25:57',28,2,'OPEN'),(1069,99,'2026-04-13 20:25:09',1,29,'OPEN'),(1070,9,'2026-04-13 20:26:41',14,10,'OPEN'),(1071,67,'2026-04-13 20:26:07',15,25,'OPEN'),(1072,116,'2026-04-13 20:24:44',9,21,'OPEN'),(1073,55,'2026-04-13 20:28:14',3,33,'OPEN'),(1074,62,'2026-04-13 20:25:57',12,28,'OPEN'),(1075,5,'2026-04-13 20:21:08',40,0,'OPEN'),(1076,97,'2026-04-13 20:25:10',25,15,'OPEN'),(1077,61,'2026-04-13 20:24:45',0,25,'OPEN'),(1078,77,'2026-04-13 20:21:39',10,19,'OPEN'),(1079,73,'2026-04-13 20:25:31',2,28,'OPEN'),(1080,4,'2026-04-13 20:21:28',8,12,'OPEN'),(1081,49,'2026-04-13 20:19:39',3,37,'OPEN'),(1082,19,'2026-04-13 20:26:33',2,28,'OPEN'),(1083,7,'2026-04-13 20:25:45',0,29,'OPEN'),(1084,60,'2026-04-13 20:25:56',23,7,'OPEN'),(1085,102,'2026-04-13 20:24:31',1,39,'OPEN'),(1086,38,'2026-04-13 20:25:45',25,15,'OPEN'),(1087,53,'2026-04-13 20:20:13',7,33,'OPEN'),(1088,58,'2026-04-13 20:25:40',38,2,'OPEN'),(1089,66,'2026-04-13 20:23:43',8,32,'OPEN'),(1090,104,'2026-04-13 20:24:18',2,38,'OPEN'),(1091,101,'2026-04-13 20:27:38',6,24,'OPEN'),(1092,115,'2026-04-13 20:28:01',30,0,'OPEN'),(1093,47,'2026-04-13 20:25:07',0,40,'OPEN'),(1094,117,'2026-04-13 20:24:55',3,37,'OPEN'),(1095,8,'2026-04-13 20:26:45',15,15,'OPEN'),(1096,27,'2026-04-13 20:25:17',0,20,'OPEN'),(1097,16,'2026-04-13 20:25:50',10,10,'OPEN'),(1098,96,'2026-04-13 20:24:27',6,24,'OPEN'),(1099,82,'2026-04-13 20:24:44',17,5,'OPEN'),(1100,76,'2026-04-13 20:25:03',9,29,'OPEN'),(1101,71,'2026-04-13 20:28:35',14,26,'OPEN'),(1102,79,'2026-04-13 20:25:05',2,25,'OPEN'),(1103,69,'2026-04-13 20:27:07',8,32,'OPEN'),(1104,25,'2026-04-13 20:28:13',0,30,'OPEN'),(1105,51,'2026-04-13 20:27:08',20,0,'OPEN'),(1106,37,'2026-04-13 20:24:55',7,23,'OPEN'),(1107,59,'2026-04-13 20:22:34',1,19,'OPEN'),(1108,95,'2026-04-13 20:24:55',21,19,'OPEN'),(1109,94,'2026-04-13 20:27:07',6,34,'OPEN'),(1110,105,'2026-04-13 20:24:15',2,34,'OPEN'),(1111,36,'2026-04-13 20:25:25',2,38,'OPEN'),(1112,93,'2026-04-13 20:27:40',24,16,'OPEN'),(1113,22,'2026-04-13 20:28:00',13,7,'OPEN'),(1114,50,'2026-04-13 20:25:45',34,6,'OPEN'),(1115,110,'2026-04-13 20:27:43',16,24,'OPEN'),(1116,12,'2026-04-13 20:24:36',5,15,'OPEN'),(1117,34,'2026-04-13 20:27:45',24,16,'OPEN'),(1118,78,'2026-04-13 20:27:36',12,28,'OPEN'),(1119,2,'2026-04-13 20:27:42',10,10,'OPEN'),(1120,75,'2026-04-13 20:25:25',10,30,'OPEN'),(1121,111,'2026-04-13 20:26:42',11,29,'OPEN'),(1122,26,'2026-04-13 20:25:11',13,7,'OPEN'),(1123,65,'2026-04-13 20:26:29',3,37,'OPEN'),(1124,15,'2026-04-13 20:25:03',3,13,'OPEN'),(1125,86,'2026-04-13 20:25:33',24,14,'OPEN'),(1126,35,'2026-04-13 20:28:27',15,15,'OPEN'),(1127,10,'2026-04-13 20:28:02',10,6,'OPEN'),(1128,100,'2026-04-13 20:25:11',22,3,'OPEN'),(1129,24,'2026-04-13 20:28:37',10,10,'OPEN'),(1130,64,'2026-04-13 20:25:52',33,7,'OPEN'),(1131,109,'2026-04-13 20:25:04',27,2,'OPEN'),(1132,85,'2026-04-13 20:20:44',28,7,'OPEN'),(1133,107,'2026-04-13 20:28:31',20,20,'OPEN'),(1134,33,'2026-04-13 20:23:43',15,8,'OPEN'),(1135,44,'2026-04-13 20:24:51',5,25,'OPEN'),(1136,89,'2026-04-13 20:28:38',6,34,'OPEN'),(1137,57,'2026-04-13 20:24:54',2,21,'OPEN'),(1138,80,'2026-04-13 20:25:22',17,23,'OPEN'),(1139,41,'2026-04-13 20:25:21',16,4,'OPEN'),(1140,3,'2026-04-13 20:26:28',0,20,'OPEN'),(1141,40,'2026-04-13 20:24:25',19,2,'OPEN'),(1142,29,'2026-04-13 20:25:49',3,26,'OPEN'),(1143,70,'2026-04-13 20:24:49',21,0,'OPEN'),(1144,103,'2026-04-13 20:24:49',0,40,'OPEN'),(1145,28,'2026-04-13 20:26:12',14,16,'OPEN'),(1146,39,'2026-04-13 20:21:24',4,16,'OPEN'),(1147,83,'2026-04-13 20:24:50',34,6,'OPEN'),(1148,92,'2026-04-13 20:25:55',37,3,'OPEN'),(1149,21,'2026-04-13 20:26:29',14,16,'OPEN'),(1150,88,'2026-04-13 20:24:59',20,10,'OPEN'),(1151,42,'2026-04-13 20:31:23',29,1,'OPEN'),(1152,30,'2026-04-13 20:32:06',1,19,'OPEN'),(1153,54,'2026-04-13 20:25:01',11,22,'OPEN'),(1154,108,'2026-04-13 20:25:09',18,17,'OPEN'),(1155,20,'2026-04-13 20:25:32',0,30,'OPEN'),(1156,56,'2026-04-13 20:25:51',12,28,'OPEN'),(1157,6,'2026-04-13 20:25:18',0,20,'OPEN'),(1158,18,'2026-04-13 20:34:34',16,14,'OPEN'),(1159,32,'2026-04-13 20:28:39',18,12,'OPEN'),(1160,52,'2026-04-13 20:25:14',16,16,'OPEN'),(1161,48,'2026-04-13 20:28:40',3,37,'OPEN'),(1162,13,'2026-04-13 20:24:44',1,29,'OPEN'),(1163,43,'2026-04-13 20:25:51',18,12,'OPEN'),(1164,31,'2026-04-13 20:28:35',4,16,'OPEN'),(1165,98,'2026-04-13 20:32:30',11,29,'OPEN'),(1166,14,'2026-04-13 20:26:20',8,22,'OPEN'),(1167,1,'2026-04-13 20:25:48',9,22,'OPEN'),(1168,23,'2026-04-13 20:32:39',18,12,'OPEN'),(1169,106,'2026-04-13 20:27:30',0,40,'OPEN'),(1170,112,'2026-04-13 20:30:23',23,7,'OPEN'),(1171,68,'2026-04-13 20:26:53',6,34,'OPEN'),(1172,74,'2026-04-13 20:27:46',1,29,'OPEN'),(1173,87,'2026-04-13 20:27:44',14,24,'OPEN'),(1174,84,'2026-04-13 20:31:08',15,15,'OPEN'),(1175,90,'2026-04-13 20:29:54',4,36,'OPEN'),(1176,11,'2026-04-13 20:25:04',4,26,'OPEN'),(1177,17,'2026-04-13 20:25:00',10,10,'OPEN'),(1178,45,'2026-04-13 20:29:56',11,19,'OPEN'),(1179,114,'2026-04-13 20:26:27',1,39,'OPEN'),(1180,72,'2026-04-13 20:25:25',3,28,'OPEN'),(1181,63,'2026-04-13 20:25:36',16,19,'OPEN'),(1182,113,'2026-04-13 20:30:05',10,30,'OPEN'),(1183,91,'2026-04-13 20:33:26',26,4,'OPEN'),(1184,99,'2026-04-13 20:25:09',1,29,'OPEN'),(1185,9,'2026-04-13 20:26:41',14,10,'OPEN'),(1186,67,'2026-04-13 20:29:04',14,26,'OPEN'),(1187,116,'2026-04-13 20:24:44',9,21,'OPEN'),(1188,55,'2026-04-13 20:28:14',3,33,'OPEN'),(1189,62,'2026-04-13 20:25:57',12,28,'OPEN'),(1190,5,'2026-04-13 20:28:50',40,0,'OPEN'),(1191,97,'2026-04-13 20:25:10',25,15,'OPEN'),(1192,61,'2026-04-13 20:24:45',0,25,'OPEN'),(1193,77,'2026-04-13 20:29:15',10,19,'OPEN'),(1194,73,'2026-04-13 20:25:31',2,28,'OPEN'),(1195,4,'2026-04-13 20:31:29',8,12,'OPEN'),(1196,49,'2026-04-13 20:31:45',3,37,'OPEN'),(1197,19,'2026-04-13 20:34:08',2,28,'OPEN'),(1198,7,'2026-04-13 20:25:45',0,29,'OPEN'),(1199,60,'2026-04-13 20:29:04',24,6,'OPEN'),(1200,102,'2026-04-13 20:34:31',1,39,'OPEN'),(1201,38,'2026-04-13 20:30:30',26,14,'OPEN'),(1202,53,'2026-04-13 20:30:14',7,33,'OPEN'),(1203,58,'2026-04-13 20:25:40',38,2,'OPEN'),(1204,66,'2026-04-13 20:30:03',9,31,'OPEN'),(1205,104,'2026-04-13 20:34:19',2,38,'OPEN'),(1206,101,'2026-04-13 20:27:38',6,24,'OPEN'),(1207,115,'2026-04-13 20:28:01',30,0,'OPEN'),(1208,47,'2026-04-13 20:25:07',0,40,'OPEN'),(1209,117,'2026-04-13 20:24:55',3,37,'OPEN'),(1210,8,'2026-04-13 20:26:45',15,15,'OPEN'),(1211,27,'2026-04-13 20:25:17',0,20,'OPEN'),(1212,16,'2026-04-13 20:25:50',10,10,'OPEN'),(1213,96,'2026-04-13 20:34:28',6,24,'OPEN'),(1214,82,'2026-04-13 20:24:44',17,5,'OPEN'),(1215,76,'2026-04-13 20:25:03',9,29,'OPEN'),(1216,71,'2026-04-13 20:28:35',14,26,'OPEN'),(1217,79,'2026-04-13 20:25:05',2,25,'OPEN'),(1218,69,'2026-04-13 20:31:42',9,31,'OPEN'),(1219,25,'2026-04-13 20:28:13',0,30,'OPEN'),(1220,51,'2026-04-13 20:27:08',20,0,'OPEN'),(1221,37,'2026-04-13 20:24:55',7,23,'OPEN'),(1222,59,'2026-04-13 20:32:35',1,19,'OPEN'),(1223,95,'2026-04-13 20:32:21',21,19,'OPEN'),(1224,94,'2026-04-13 20:27:07',6,34,'OPEN'),(1225,105,'2026-04-13 20:34:15',2,34,'OPEN'),(1226,36,'2026-04-13 20:25:25',2,38,'OPEN'),(1227,93,'2026-04-13 20:27:40',24,16,'OPEN'),(1228,22,'2026-04-13 20:28:00',13,7,'OPEN'),(1229,50,'2026-04-13 20:25:45',34,6,'OPEN'),(1230,110,'2026-04-13 20:27:43',16,24,'OPEN'),(1231,12,'2026-04-13 20:34:32',5,15,'OPEN'),(1232,34,'2026-04-13 20:27:45',24,16,'OPEN'),(1233,78,'2026-04-13 20:27:36',12,28,'OPEN'),(1234,2,'2026-04-13 20:27:42',10,10,'OPEN'),(1235,75,'2026-04-13 20:25:25',10,30,'OPEN'),(1236,111,'2026-04-13 20:26:42',11,29,'OPEN'),(1237,26,'2026-04-13 20:25:11',13,7,'OPEN'),(1238,65,'2026-04-13 20:26:29',3,37,'OPEN'),(1239,15,'2026-04-13 20:25:03',3,13,'OPEN'),(1240,86,'2026-04-13 20:25:33',24,14,'OPEN'),(1241,35,'2026-04-13 20:28:27',15,15,'OPEN'),(1242,10,'2026-04-13 20:28:02',10,6,'OPEN'),(1243,100,'2026-04-13 20:25:11',22,3,'OPEN'),(1244,24,'2026-04-13 20:28:37',10,10,'OPEN'),(1245,64,'2026-04-13 20:25:52',33,7,'OPEN'),(1246,109,'2026-04-13 20:25:04',27,2,'OPEN'),(1247,85,'2026-04-13 20:30:44',28,7,'OPEN'),(1248,107,'2026-04-13 20:28:31',20,20,'OPEN'),(1249,33,'2026-04-13 20:34:19',12,11,'OPEN'),(1250,44,'2026-04-13 20:24:51',5,25,'OPEN'),(1251,89,'2026-04-13 20:28:38',6,34,'OPEN'),(1252,57,'2026-04-13 20:24:54',2,21,'OPEN'),(1253,80,'2026-04-13 20:34:17',17,23,'OPEN'),(1254,41,'2026-04-13 20:34:33',17,3,'OPEN'),(1255,3,'2026-04-13 20:26:28',0,20,'OPEN'),(1256,40,'2026-04-13 20:31:54',19,2,'OPEN'),(1257,29,'2026-04-13 20:25:49',3,26,'OPEN'),(1258,70,'2026-04-13 20:30:31',21,0,'OPEN'),(1259,103,'2026-04-13 20:24:49',0,40,'OPEN'),(1260,28,'2026-04-13 20:26:12',14,16,'OPEN'),(1261,39,'2026-04-13 20:31:25',4,16,'OPEN'),(1262,83,'2026-04-13 20:24:50',34,6,'OPEN'),(1263,92,'2026-04-13 20:25:55',37,3,'OPEN'),(1264,21,'2026-04-13 20:26:29',14,16,'OPEN'),(1265,88,'2026-04-13 20:29:27',21,9,'OPEN'),(1266,42,'2026-04-13 20:31:23',29,1,'OPEN'),(1267,30,'2026-04-13 20:32:06',1,19,'OPEN'),(1268,54,'2026-04-13 20:25:01',11,22,'OPEN'),(1269,108,'2026-04-13 20:25:09',18,17,'OPEN'),(1270,20,'2026-04-13 20:25:32',0,30,'OPEN'),(1271,56,'2026-04-13 20:25:51',12,28,'OPEN'),(1272,6,'2026-04-13 20:25:18',0,20,'OPEN'),(1273,18,'2026-04-13 20:34:34',16,14,'OPEN'),(1274,32,'2026-04-13 20:28:39',18,12,'OPEN'),(1275,52,'2026-04-13 20:25:14',16,16,'OPEN'),(1276,48,'2026-04-13 20:28:40',3,37,'OPEN'),(1277,13,'2026-04-13 20:24:44',1,29,'OPEN'),(1278,43,'2026-04-13 20:25:51',18,12,'OPEN'),(1279,31,'2026-04-13 20:28:35',4,16,'OPEN'),(1280,98,'2026-04-13 20:32:30',11,29,'OPEN'),(1281,14,'2026-04-13 20:26:20',8,22,'OPEN'),(1282,1,'2026-04-13 20:25:48',9,22,'OPEN'),(1283,23,'2026-04-13 20:32:39',18,12,'OPEN'),(1284,106,'2026-04-13 20:27:30',0,40,'OPEN'),(1285,112,'2026-04-13 20:30:23',23,7,'OPEN'),(1286,68,'2026-04-13 20:26:53',6,34,'OPEN'),(1287,74,'2026-04-13 20:27:46',1,29,'OPEN'),(1288,87,'2026-04-13 20:27:44',14,24,'OPEN'),(1289,84,'2026-04-13 20:31:08',15,15,'OPEN'),(1290,90,'2026-04-13 20:29:54',4,36,'OPEN'),(1291,11,'2026-04-13 20:25:04',4,26,'OPEN'),(1292,17,'2026-04-13 20:25:00',10,10,'OPEN'),(1293,45,'2026-04-13 20:29:56',11,19,'OPEN'),(1294,114,'2026-04-13 20:26:27',1,39,'OPEN'),(1295,72,'2026-04-13 20:25:25',3,28,'OPEN'),(1296,63,'2026-04-13 20:25:36',16,19,'OPEN'),(1297,113,'2026-04-13 20:30:05',10,30,'OPEN'),(1298,91,'2026-04-13 20:33:26',26,4,'OPEN'),(1299,99,'2026-04-13 20:25:09',1,29,'OPEN'),(1300,9,'2026-04-13 20:26:41',14,10,'OPEN'),(1301,67,'2026-04-13 20:29:04',14,26,'OPEN'),(1302,116,'2026-04-13 20:24:44',9,21,'OPEN'),(1303,55,'2026-04-13 20:28:14',3,33,'OPEN'),(1304,62,'2026-04-13 20:25:57',12,28,'OPEN'),(1305,5,'2026-04-13 20:28:50',40,0,'OPEN'),(1306,97,'2026-04-13 20:25:10',25,15,'OPEN'),(1307,61,'2026-04-13 20:24:45',0,25,'OPEN'),(1308,77,'2026-04-13 20:29:15',10,19,'OPEN'),(1309,73,'2026-04-13 20:25:31',2,28,'OPEN'),(1310,4,'2026-04-13 20:31:29',8,12,'OPEN'),(1311,49,'2026-04-13 20:31:45',3,37,'OPEN'),(1312,19,'2026-04-13 20:34:08',2,28,'OPEN'),(1313,7,'2026-04-13 20:25:45',0,29,'OPEN'),(1314,60,'2026-04-13 20:29:04',24,6,'OPEN'),(1315,102,'2026-04-13 20:34:31',1,39,'OPEN'),(1316,38,'2026-04-13 20:30:30',26,14,'OPEN'),(1317,53,'2026-04-13 20:30:14',7,33,'OPEN'),(1318,58,'2026-04-13 20:25:40',38,2,'OPEN'),(1319,66,'2026-04-13 20:30:03',9,31,'OPEN'),(1320,104,'2026-04-13 20:34:19',2,38,'OPEN'),(1321,101,'2026-04-13 20:27:38',6,24,'OPEN'),(1322,115,'2026-04-13 20:28:01',30,0,'OPEN'),(1323,47,'2026-04-13 20:25:07',0,40,'OPEN'),(1324,117,'2026-04-13 20:24:55',3,37,'OPEN'),(1325,8,'2026-04-13 20:26:45',15,15,'OPEN'),(1326,27,'2026-04-13 20:25:17',0,20,'OPEN'),(1327,16,'2026-04-13 20:25:50',10,10,'OPEN'),(1328,96,'2026-04-13 20:34:28',6,24,'OPEN'),(1329,82,'2026-04-13 20:24:44',17,5,'OPEN'),(1330,76,'2026-04-13 20:25:03',9,29,'OPEN'),(1331,71,'2026-04-13 20:28:35',14,26,'OPEN'),(1332,79,'2026-04-13 20:25:05',2,25,'OPEN'),(1333,69,'2026-04-13 20:31:42',9,31,'OPEN'),(1334,25,'2026-04-13 20:28:13',0,30,'OPEN'),(1335,51,'2026-04-13 20:27:08',20,0,'OPEN'),(1336,37,'2026-04-13 20:24:55',7,23,'OPEN'),(1337,59,'2026-04-13 20:32:35',1,19,'OPEN'),(1338,95,'2026-04-13 20:32:21',21,19,'OPEN'),(1339,94,'2026-04-13 20:27:07',6,34,'OPEN'),(1340,105,'2026-04-13 20:34:15',2,34,'OPEN'),(1341,36,'2026-04-13 20:25:25',2,38,'OPEN'),(1342,93,'2026-04-13 20:27:40',24,16,'OPEN'),(1343,22,'2026-04-13 20:28:00',13,7,'OPEN'),(1344,50,'2026-04-13 20:25:45',34,6,'OPEN'),(1345,110,'2026-04-13 20:27:43',16,24,'OPEN'),(1346,12,'2026-04-13 20:34:32',5,15,'OPEN'),(1347,34,'2026-04-13 20:27:45',24,16,'OPEN'),(1348,78,'2026-04-13 20:27:36',12,28,'OPEN'),(1349,2,'2026-04-13 20:27:42',10,10,'OPEN'),(1350,75,'2026-04-13 20:25:25',10,30,'OPEN'),(1351,111,'2026-04-13 20:26:42',11,29,'OPEN'),(1352,26,'2026-04-13 20:25:11',13,7,'OPEN'),(1353,65,'2026-04-13 20:26:29',3,37,'OPEN'),(1354,15,'2026-04-13 20:25:03',3,13,'OPEN'),(1355,86,'2026-04-13 20:25:33',24,14,'OPEN'),(1356,35,'2026-04-13 20:28:27',15,15,'OPEN'),(1357,10,'2026-04-13 20:28:02',10,6,'OPEN'),(1358,100,'2026-04-13 20:25:11',22,3,'OPEN'),(1359,24,'2026-04-13 20:28:37',10,10,'OPEN'),(1360,64,'2026-04-13 20:25:52',33,7,'OPEN'),(1361,109,'2026-04-13 20:25:04',27,2,'OPEN'),(1362,85,'2026-04-13 20:30:44',28,7,'OPEN'),(1363,107,'2026-04-13 20:28:31',20,20,'OPEN'),(1364,33,'2026-04-13 20:34:19',12,11,'OPEN'),(1365,44,'2026-04-13 20:24:51',5,25,'OPEN'),(1366,89,'2026-04-13 20:28:38',6,34,'OPEN'),(1367,57,'2026-04-13 20:24:54',2,21,'OPEN'),(1368,80,'2026-04-13 20:34:17',17,23,'OPEN'),(1369,41,'2026-04-13 20:34:33',17,3,'OPEN'),(1370,3,'2026-04-13 20:26:28',0,20,'OPEN'),(1371,40,'2026-04-13 20:31:54',19,2,'OPEN'),(1372,29,'2026-04-13 20:25:49',3,26,'OPEN'),(1373,70,'2026-04-13 20:30:31',21,0,'OPEN'),(1374,103,'2026-04-13 20:24:49',0,40,'OPEN'),(1375,28,'2026-04-13 20:26:12',14,16,'OPEN'),(1376,39,'2026-04-13 20:31:25',4,16,'OPEN'),(1377,83,'2026-04-13 20:24:50',34,6,'OPEN'),(1378,92,'2026-04-13 20:25:55',37,3,'OPEN'),(1379,21,'2026-04-13 20:26:29',14,16,'OPEN'),(1380,88,'2026-04-13 20:29:27',21,9,'OPEN'),(1381,42,'2026-04-13 20:43:03',30,0,'OPEN'),(1382,30,'2026-04-13 20:42:06',1,19,'OPEN'),(1383,54,'2026-04-13 20:45:02',11,22,'OPEN'),(1384,108,'2026-04-13 20:45:11',18,17,'OPEN'),(1385,20,'2026-04-13 20:45:33',0,30,'OPEN'),(1386,56,'2026-04-13 20:40:08',11,29,'OPEN'),(1387,6,'2026-04-13 20:45:20',2,18,'OPEN'),(1388,18,'2026-04-13 20:38:13',15,15,'OPEN'),(1389,32,'2026-04-13 20:36:13',18,12,'OPEN'),(1390,52,'2026-04-13 20:45:16',16,16,'OPEN'),(1391,48,'2026-04-13 20:45:05',3,37,'OPEN'),(1392,13,'2026-04-13 20:44:45',1,29,'OPEN'),(1393,43,'2026-04-13 20:44:50',19,11,'OPEN'),(1394,31,'2026-04-13 20:38:22',3,17,'OPEN'),(1395,98,'2026-04-13 20:43:33',11,29,'OPEN'),(1396,14,'2026-04-13 20:36:55',7,23,'OPEN'),(1397,1,'2026-04-13 20:35:49',9,22,'OPEN'),(1398,23,'2026-04-13 20:45:15',18,12,'OPEN'),(1399,106,'2026-04-13 20:37:30',0,40,'OPEN'),(1400,112,'2026-04-13 20:43:19',24,6,'OPEN'),(1401,68,'2026-04-13 20:45:19',8,32,'OPEN'),(1402,74,'2026-04-13 20:37:47',1,29,'OPEN'),(1403,87,'2026-04-13 20:43:00',16,22,'OPEN'),(1404,84,'2026-04-13 20:44:45',16,14,'OPEN'),(1405,90,'2026-04-13 20:39:54',4,36,'OPEN'),(1406,11,'2026-04-13 20:45:06',4,26,'OPEN'),(1407,17,'2026-04-13 20:45:02',10,10,'OPEN'),(1408,45,'2026-04-13 20:45:22',10,20,'OPEN'),(1409,114,'2026-04-13 20:36:27',1,39,'OPEN'),(1410,72,'2026-04-13 20:45:32',1,30,'OPEN'),(1411,63,'2026-04-13 20:44:01',15,20,'OPEN'),(1412,113,'2026-04-13 20:45:37',10,30,'OPEN'),(1413,91,'2026-04-13 20:38:54',26,4,'OPEN'),(1414,99,'2026-04-13 20:45:10',1,29,'OPEN'),(1415,9,'2026-04-13 20:36:43',13,11,'OPEN'),(1416,67,'2026-04-13 20:41:05',14,26,'OPEN'),(1417,116,'2026-04-13 20:44:45',9,21,'OPEN'),(1418,55,'2026-04-13 20:35:57',3,33,'OPEN'),(1419,62,'2026-04-13 20:44:48',10,30,'OPEN'),(1420,5,'2026-04-13 20:43:00',39,1,'OPEN'),(1421,97,'2026-04-13 20:45:11',25,15,'OPEN'),(1422,61,'2026-04-13 20:44:46',0,25,'OPEN'),(1423,77,'2026-04-13 20:39:16',10,19,'OPEN'),(1424,73,'2026-04-13 20:45:33',3,27,'OPEN'),(1425,4,'2026-04-13 20:41:38',8,12,'OPEN'),(1426,49,'2026-04-13 20:39:28',3,37,'OPEN'),(1427,19,'2026-04-13 20:36:33',2,28,'OPEN'),(1428,7,'2026-04-13 20:35:46',0,29,'OPEN'),(1429,60,'2026-04-13 20:45:06',26,4,'OPEN'),(1430,102,'2026-04-13 20:44:33',1,39,'OPEN'),(1431,38,'2026-04-13 20:40:04',26,14,'OPEN'),(1432,53,'2026-04-13 20:40:15',7,33,'OPEN'),(1433,58,'2026-04-13 20:35:41',38,2,'OPEN'),(1434,66,'2026-04-13 20:45:10',9,31,'OPEN'),(1435,104,'2026-04-13 20:44:20',2,38,'OPEN'),(1436,101,'2026-04-13 20:45:11',6,24,'OPEN'),(1437,115,'2026-04-13 20:38:02',30,0,'OPEN'),(1438,47,'2026-04-13 20:45:08',0,40,'OPEN'),(1439,117,'2026-04-13 20:44:56',3,37,'OPEN'),(1440,8,'2026-04-13 20:38:16',14,16,'OPEN'),(1441,27,'2026-04-13 20:45:19',0,20,'OPEN'),(1442,16,'2026-04-13 20:35:50',10,10,'OPEN'),(1443,96,'2026-04-13 20:44:28',6,24,'OPEN'),(1444,82,'2026-04-13 20:44:46',17,5,'OPEN'),(1445,76,'2026-04-13 20:45:05',10,28,'OPEN'),(1446,71,'2026-04-13 20:36:12',15,25,'OPEN'),(1447,79,'2026-04-13 20:45:06',2,25,'OPEN'),(1448,69,'2026-04-13 20:39:56',9,31,'OPEN'),(1449,25,'2026-04-13 20:38:13',0,30,'OPEN'),(1450,51,'2026-04-13 20:44:27',19,1,'OPEN'),(1451,37,'2026-04-13 20:44:56',7,23,'OPEN'),(1452,59,'2026-04-13 20:42:35',1,19,'OPEN'),(1453,95,'2026-04-13 20:44:57',21,19,'OPEN'),(1454,94,'2026-04-13 20:37:08',6,34,'OPEN'),(1455,105,'2026-04-13 20:44:17',3,33,'OPEN'),(1456,36,'2026-04-13 20:45:26',2,38,'OPEN'),(1457,93,'2026-04-13 20:37:41',24,16,'OPEN'),(1458,22,'2026-04-13 20:35:56',13,7,'OPEN'),(1459,50,'2026-04-13 20:41:56',33,7,'OPEN'),(1460,110,'2026-04-13 20:37:44',16,24,'OPEN'),(1461,12,'2026-04-13 20:44:32',5,15,'OPEN'),(1462,34,'2026-04-13 20:40:42',25,15,'OPEN'),(1463,78,'2026-04-13 20:37:37',12,28,'OPEN'),(1464,2,'2026-04-13 20:37:45',9,11,'OPEN'),(1465,75,'2026-04-13 20:45:26',10,30,'OPEN'),(1466,111,'2026-04-13 20:45:14',12,28,'OPEN'),(1467,26,'2026-04-13 20:45:13',13,7,'OPEN'),(1468,65,'2026-04-13 20:43:54',4,36,'OPEN'),(1469,15,'2026-04-13 20:45:05',3,13,'OPEN'),(1470,86,'2026-04-13 20:45:36',23,15,'OPEN'),(1471,35,'2026-04-13 20:36:57',14,16,'OPEN'),(1472,10,'2026-04-13 20:35:55',10,6,'OPEN'),(1473,100,'2026-04-13 20:45:13',23,2,'OPEN'),(1474,24,'2026-04-13 20:36:01',10,10,'OPEN'),(1475,64,'2026-04-13 20:35:53',33,7,'OPEN'),(1476,109,'2026-04-13 20:45:06',29,0,'OPEN'),(1477,85,'2026-04-13 20:40:45',28,7,'OPEN'),(1478,107,'2026-04-13 20:38:32',20,20,'OPEN'),(1479,33,'2026-04-13 20:40:04',12,11,'OPEN'),(1480,44,'2026-04-13 20:44:52',5,25,'OPEN'),(1481,89,'2026-04-13 20:44:49',6,34,'OPEN'),(1482,57,'2026-04-13 20:44:55',2,21,'OPEN'),(1483,80,'2026-04-13 20:45:23',17,23,'OPEN'),(1484,41,'2026-04-13 20:45:23',17,3,'OPEN'),(1485,3,'2026-04-13 20:36:28',0,20,'OPEN'),(1486,40,'2026-04-13 20:43:07',17,4,'OPEN'),(1487,29,'2026-04-13 20:44:49',4,25,'OPEN'),(1488,70,'2026-04-13 20:45:14',20,1,'OPEN'),(1489,103,'2026-04-13 20:44:51',0,40,'OPEN'),(1490,28,'2026-04-13 20:36:13',14,16,'OPEN'),(1491,39,'2026-04-13 20:41:27',3,17,'OPEN'),(1492,83,'2026-04-13 20:44:53',35,5,'OPEN'),(1493,92,'2026-04-13 20:39:39',36,4,'OPEN'),(1494,21,'2026-04-13 20:36:30',14,16,'OPEN'),(1495,88,'2026-04-13 20:45:03',20,10,'OPEN'),(1496,42,'2026-04-13 20:43:03',30,0,'OPEN'),(1497,30,'2026-04-13 20:42:06',1,19,'OPEN'),(1498,54,'2026-04-13 20:45:02',11,22,'OPEN'),(1499,108,'2026-04-13 20:45:11',18,17,'OPEN'),(1500,20,'2026-04-13 20:45:33',0,30,'OPEN'),(1501,56,'2026-04-13 20:40:08',11,29,'OPEN'),(1502,6,'2026-04-13 20:45:20',2,18,'OPEN'),(1503,18,'2026-04-13 20:38:13',15,15,'OPEN'),(1504,32,'2026-04-13 20:36:13',18,12,'OPEN'),(1505,52,'2026-04-13 20:45:16',16,16,'OPEN'),(1506,48,'2026-04-13 20:45:05',3,37,'OPEN'),(1507,13,'2026-04-13 20:44:45',1,29,'OPEN'),(1508,43,'2026-04-13 20:44:50',19,11,'OPEN'),(1509,31,'2026-04-13 20:38:22',3,17,'OPEN'),(1510,98,'2026-04-13 20:43:33',11,29,'OPEN'),(1511,14,'2026-04-13 20:36:55',7,23,'OPEN'),(1512,1,'2026-04-13 20:35:49',9,22,'OPEN'),(1513,23,'2026-04-13 20:45:15',18,12,'OPEN'),(1514,106,'2026-04-13 20:37:30',0,40,'OPEN'),(1515,112,'2026-04-13 20:43:19',24,6,'OPEN'),(1516,68,'2026-04-13 20:45:19',8,32,'OPEN'),(1517,74,'2026-04-13 20:37:47',1,29,'OPEN'),(1518,87,'2026-04-13 20:43:00',16,22,'OPEN'),(1519,84,'2026-04-13 20:44:45',16,14,'OPEN'),(1520,90,'2026-04-13 20:39:54',4,36,'OPEN'),(1521,11,'2026-04-13 20:45:06',4,26,'OPEN'),(1522,17,'2026-04-13 20:45:02',10,10,'OPEN'),(1523,45,'2026-04-13 20:45:22',10,20,'OPEN'),(1524,114,'2026-04-13 20:36:27',1,39,'OPEN'),(1525,72,'2026-04-13 20:45:32',1,30,'OPEN'),(1526,63,'2026-04-13 20:44:01',15,20,'OPEN'),(1527,113,'2026-04-13 20:45:37',10,30,'OPEN'),(1528,91,'2026-04-13 20:38:54',26,4,'OPEN'),(1529,99,'2026-04-13 20:45:10',1,29,'OPEN'),(1530,9,'2026-04-13 20:36:43',13,11,'OPEN'),(1531,67,'2026-04-13 20:41:05',14,26,'OPEN'),(1532,116,'2026-04-13 20:44:45',9,21,'OPEN'),(1533,55,'2026-04-13 20:35:57',3,33,'OPEN'),(1534,62,'2026-04-13 20:44:48',10,30,'OPEN'),(1535,5,'2026-04-13 20:43:00',39,1,'OPEN'),(1536,97,'2026-04-13 20:45:11',25,15,'OPEN'),(1537,61,'2026-04-13 20:44:46',0,25,'OPEN'),(1538,77,'2026-04-13 20:39:16',10,19,'OPEN'),(1539,73,'2026-04-13 20:45:33',3,27,'OPEN'),(1540,4,'2026-04-13 20:41:38',8,12,'OPEN'),(1541,49,'2026-04-13 20:39:28',3,37,'OPEN'),(1542,19,'2026-04-13 20:36:33',2,28,'OPEN'),(1543,7,'2026-04-13 20:35:46',0,29,'OPEN'),(1544,60,'2026-04-13 20:45:06',26,4,'OPEN'),(1545,102,'2026-04-13 20:44:33',1,39,'OPEN'),(1546,38,'2026-04-13 20:40:04',26,14,'OPEN'),(1547,53,'2026-04-13 20:40:15',7,33,'OPEN'),(1548,58,'2026-04-13 20:35:41',38,2,'OPEN'),(1549,66,'2026-04-13 20:45:10',9,31,'OPEN'),(1550,104,'2026-04-13 20:44:20',2,38,'OPEN'),(1551,101,'2026-04-13 20:45:11',6,24,'OPEN'),(1552,115,'2026-04-13 20:38:02',30,0,'OPEN'),(1553,47,'2026-04-13 20:45:08',0,40,'OPEN'),(1554,117,'2026-04-13 20:44:56',3,37,'OPEN'),(1555,8,'2026-04-13 20:38:16',14,16,'OPEN'),(1556,27,'2026-04-13 20:45:19',0,20,'OPEN'),(1557,16,'2026-04-13 20:35:50',10,10,'OPEN'),(1558,96,'2026-04-13 20:44:28',6,24,'OPEN'),(1559,82,'2026-04-13 20:44:46',17,5,'OPEN'),(1560,76,'2026-04-13 20:45:05',10,28,'OPEN'),(1561,71,'2026-04-13 20:36:12',15,25,'OPEN'),(1562,79,'2026-04-13 20:45:06',2,25,'OPEN'),(1563,69,'2026-04-13 20:39:56',9,31,'OPEN'),(1564,25,'2026-04-13 20:38:13',0,30,'OPEN'),(1565,51,'2026-04-13 20:44:27',19,1,'OPEN'),(1566,37,'2026-04-13 20:44:56',7,23,'OPEN'),(1567,59,'2026-04-13 20:42:35',1,19,'OPEN'),(1568,95,'2026-04-13 20:44:57',21,19,'OPEN'),(1569,94,'2026-04-13 20:37:08',6,34,'OPEN'),(1570,105,'2026-04-13 20:44:17',3,33,'OPEN'),(1571,36,'2026-04-13 20:45:26',2,38,'OPEN'),(1572,93,'2026-04-13 20:37:41',24,16,'OPEN'),(1573,22,'2026-04-13 20:35:56',13,7,'OPEN'),(1574,50,'2026-04-13 20:41:56',33,7,'OPEN'),(1575,110,'2026-04-13 20:37:44',16,24,'OPEN'),(1576,12,'2026-04-13 20:44:32',5,15,'OPEN'),(1577,34,'2026-04-13 20:40:42',25,15,'OPEN'),(1578,78,'2026-04-13 20:37:37',12,28,'OPEN'),(1579,2,'2026-04-13 20:37:45',9,11,'OPEN'),(1580,75,'2026-04-13 20:45:26',10,30,'OPEN'),(1581,111,'2026-04-13 20:45:14',12,28,'OPEN'),(1582,26,'2026-04-13 20:45:13',13,7,'OPEN'),(1583,65,'2026-04-13 20:43:54',4,36,'OPEN'),(1584,15,'2026-04-13 20:45:05',3,13,'OPEN'),(1585,86,'2026-04-13 20:45:36',23,15,'OPEN'),(1586,35,'2026-04-13 20:36:57',14,16,'OPEN'),(1587,10,'2026-04-13 20:35:55',10,6,'OPEN'),(1588,100,'2026-04-13 20:45:13',23,2,'OPEN'),(1589,24,'2026-04-13 20:36:01',10,10,'OPEN'),(1590,64,'2026-04-13 20:35:53',33,7,'OPEN'),(1591,109,'2026-04-13 20:45:06',29,0,'OPEN'),(1592,85,'2026-04-13 20:40:45',28,7,'OPEN'),(1593,107,'2026-04-13 20:38:32',20,20,'OPEN'),(1594,33,'2026-04-13 20:40:04',12,11,'OPEN'),(1595,44,'2026-04-13 20:44:52',5,25,'OPEN'),(1596,89,'2026-04-13 20:44:49',6,34,'OPEN'),(1597,57,'2026-04-13 20:44:55',2,21,'OPEN'),(1598,80,'2026-04-13 20:45:23',17,23,'OPEN'),(1599,41,'2026-04-13 20:45:23',17,3,'OPEN'),(1600,3,'2026-04-13 20:36:28',0,20,'OPEN'),(1601,40,'2026-04-13 20:43:07',17,4,'OPEN'),(1602,29,'2026-04-13 20:44:49',4,25,'OPEN'),(1603,70,'2026-04-13 20:45:14',20,1,'OPEN'),(1604,103,'2026-04-13 20:44:51',0,40,'OPEN'),(1605,28,'2026-04-13 20:36:13',14,16,'OPEN'),(1606,39,'2026-04-13 20:41:27',3,17,'OPEN'),(1607,83,'2026-04-13 20:44:53',35,5,'OPEN'),(1608,92,'2026-04-13 20:39:39',36,4,'OPEN'),(1609,21,'2026-04-13 20:36:30',14,16,'OPEN'),(1610,88,'2026-04-13 20:45:03',20,10,'OPEN'),(1611,42,'2026-04-13 20:43:03',30,0,'OPEN'),(1612,30,'2026-04-13 20:42:06',1,19,'OPEN'),(1613,54,'2026-04-13 20:45:02',11,22,'OPEN'),(1614,108,'2026-04-13 20:45:11',18,17,'OPEN'),(1615,20,'2026-04-13 20:45:33',0,30,'OPEN'),(1616,56,'2026-04-13 20:40:08',11,29,'OPEN'),(1617,6,'2026-04-13 20:45:20',2,18,'OPEN'),(1618,18,'2026-04-13 20:38:13',15,15,'OPEN'),(1619,32,'2026-04-13 20:36:13',18,12,'OPEN'),(1620,52,'2026-04-13 20:45:16',16,16,'OPEN'),(1621,48,'2026-04-13 20:45:05',3,37,'OPEN'),(1622,13,'2026-04-13 20:44:45',1,29,'OPEN'),(1623,43,'2026-04-13 20:44:50',19,11,'OPEN'),(1624,31,'2026-04-13 20:38:22',3,17,'OPEN'),(1625,98,'2026-04-13 20:43:33',11,29,'OPEN'),(1626,14,'2026-04-13 20:36:55',7,23,'OPEN'),(1627,1,'2026-04-13 20:35:49',9,22,'OPEN'),(1628,23,'2026-04-13 20:45:15',18,12,'OPEN'),(1629,106,'2026-04-13 20:37:30',0,40,'OPEN'),(1630,112,'2026-04-13 20:43:19',24,6,'OPEN'),(1631,68,'2026-04-13 20:45:19',8,32,'OPEN'),(1632,74,'2026-04-13 20:37:47',1,29,'OPEN'),(1633,87,'2026-04-13 20:43:00',16,22,'OPEN'),(1634,84,'2026-04-13 20:44:45',16,14,'OPEN'),(1635,90,'2026-04-13 20:39:54',4,36,'OPEN'),(1636,11,'2026-04-13 20:45:06',4,26,'OPEN'),(1637,17,'2026-04-13 20:45:02',10,10,'OPEN'),(1638,45,'2026-04-13 20:45:22',10,20,'OPEN'),(1639,114,'2026-04-13 20:36:27',1,39,'OPEN'),(1640,72,'2026-04-13 20:45:32',1,30,'OPEN'),(1641,63,'2026-04-13 20:44:01',15,20,'OPEN'),(1642,113,'2026-04-13 20:45:37',10,30,'OPEN'),(1643,91,'2026-04-13 20:38:54',26,4,'OPEN'),(1644,99,'2026-04-13 20:45:10',1,29,'OPEN'),(1645,9,'2026-04-13 20:36:43',13,11,'OPEN'),(1646,67,'2026-04-13 20:41:05',14,26,'OPEN'),(1647,116,'2026-04-13 20:44:45',9,21,'OPEN'),(1648,55,'2026-04-13 20:35:57',3,33,'OPEN'),(1649,62,'2026-04-13 20:44:48',10,30,'OPEN'),(1650,5,'2026-04-13 20:43:00',39,1,'OPEN'),(1651,97,'2026-04-13 20:45:11',25,15,'OPEN'),(1652,61,'2026-04-13 20:44:46',0,25,'OPEN'),(1653,77,'2026-04-13 20:39:16',10,19,'OPEN'),(1654,73,'2026-04-13 20:45:33',3,27,'OPEN'),(1655,4,'2026-04-13 20:41:38',8,12,'OPEN'),(1656,49,'2026-04-13 20:39:28',3,37,'OPEN'),(1657,19,'2026-04-13 20:36:33',2,28,'OPEN'),(1658,7,'2026-04-13 20:35:46',0,29,'OPEN'),(1659,60,'2026-04-13 20:45:06',26,4,'OPEN'),(1660,102,'2026-04-13 20:44:33',1,39,'OPEN'),(1661,38,'2026-04-13 20:40:04',26,14,'OPEN'),(1662,53,'2026-04-13 20:40:15',7,33,'OPEN'),(1663,58,'2026-04-13 20:35:41',38,2,'OPEN'),(1664,66,'2026-04-13 20:45:10',9,31,'OPEN'),(1665,104,'2026-04-13 20:44:20',2,38,'OPEN'),(1666,101,'2026-04-13 20:45:11',6,24,'OPEN'),(1667,115,'2026-04-13 20:38:02',30,0,'OPEN'),(1668,47,'2026-04-13 20:45:08',0,40,'OPEN'),(1669,117,'2026-04-13 20:44:56',3,37,'OPEN'),(1670,8,'2026-04-13 20:38:16',14,16,'OPEN'),(1671,27,'2026-04-13 20:45:19',0,20,'OPEN'),(1672,16,'2026-04-13 20:35:50',10,10,'OPEN'),(1673,96,'2026-04-13 20:44:28',6,24,'OPEN'),(1674,82,'2026-04-13 20:44:46',17,5,'OPEN'),(1675,76,'2026-04-13 20:45:05',10,28,'OPEN'),(1676,71,'2026-04-13 20:36:12',15,25,'OPEN'),(1677,79,'2026-04-13 20:45:06',2,25,'OPEN'),(1678,69,'2026-04-13 20:39:56',9,31,'OPEN'),(1679,25,'2026-04-13 20:38:13',0,30,'OPEN'),(1680,51,'2026-04-13 20:44:27',19,1,'OPEN'),(1681,37,'2026-04-13 20:44:56',7,23,'OPEN'),(1682,59,'2026-04-13 20:42:35',1,19,'OPEN'),(1683,95,'2026-04-13 20:44:57',21,19,'OPEN'),(1684,94,'2026-04-13 20:37:08',6,34,'OPEN'),(1685,105,'2026-04-13 20:44:17',3,33,'OPEN'),(1686,36,'2026-04-13 20:45:26',2,38,'OPEN'),(1687,93,'2026-04-13 20:37:41',24,16,'OPEN'),(1688,22,'2026-04-13 20:35:56',13,7,'OPEN'),(1689,50,'2026-04-13 20:41:56',33,7,'OPEN'),(1690,110,'2026-04-13 20:37:44',16,24,'OPEN'),(1691,12,'2026-04-13 20:44:32',5,15,'OPEN'),(1692,34,'2026-04-13 20:40:42',25,15,'OPEN'),(1693,78,'2026-04-13 20:37:37',12,28,'OPEN'),(1694,2,'2026-04-13 20:37:45',9,11,'OPEN'),(1695,75,'2026-04-13 20:45:26',10,30,'OPEN'),(1696,111,'2026-04-13 20:45:14',12,28,'OPEN'),(1697,26,'2026-04-13 20:45:13',13,7,'OPEN'),(1698,65,'2026-04-13 20:43:54',4,36,'OPEN'),(1699,15,'2026-04-13 20:45:05',3,13,'OPEN'),(1700,86,'2026-04-13 20:45:36',23,15,'OPEN'),(1701,35,'2026-04-13 20:36:57',14,16,'OPEN'),(1702,10,'2026-04-13 20:35:55',10,6,'OPEN'),(1703,100,'2026-04-13 20:45:13',23,2,'OPEN'),(1704,24,'2026-04-13 20:36:01',10,10,'OPEN'),(1705,64,'2026-04-13 20:35:53',33,7,'OPEN'),(1706,109,'2026-04-13 20:45:06',29,0,'OPEN'),(1707,85,'2026-04-13 20:40:45',28,7,'OPEN'),(1708,107,'2026-04-13 20:38:32',20,20,'OPEN'),(1709,33,'2026-04-13 20:40:04',12,11,'OPEN'),(1710,44,'2026-04-13 20:44:52',5,25,'OPEN'),(1711,89,'2026-04-13 20:44:49',6,34,'OPEN'),(1712,57,'2026-04-13 20:44:55',2,21,'OPEN'),(1713,80,'2026-04-13 20:45:23',17,23,'OPEN'),(1714,41,'2026-04-13 20:45:23',17,3,'OPEN'),(1715,3,'2026-04-13 20:36:28',0,20,'OPEN'),(1716,40,'2026-04-13 20:43:07',17,4,'OPEN'),(1717,29,'2026-04-13 20:44:49',4,25,'OPEN'),(1718,70,'2026-04-13 20:45:14',20,1,'OPEN'),(1719,103,'2026-04-13 20:44:51',0,40,'OPEN'),(1720,28,'2026-04-13 20:36:13',14,16,'OPEN'),(1721,39,'2026-04-13 20:41:27',3,17,'OPEN'),(1722,83,'2026-04-13 20:44:53',35,5,'OPEN'),(1723,92,'2026-04-13 20:39:39',36,4,'OPEN'),(1724,21,'2026-04-13 20:36:30',14,16,'OPEN'),(1725,88,'2026-04-13 20:45:03',20,10,'OPEN'),(1726,42,'2026-04-13 20:43:03',30,0,'OPEN'),(1727,30,'2026-04-13 20:42:06',1,19,'OPEN'),(1728,54,'2026-04-13 20:45:02',11,22,'OPEN'),(1729,108,'2026-04-13 20:45:11',18,17,'OPEN'),(1730,20,'2026-04-13 20:45:33',0,30,'OPEN'),(1731,56,'2026-04-13 20:40:08',11,29,'OPEN'),(1732,6,'2026-04-13 20:45:20',2,18,'OPEN'),(1733,18,'2026-04-13 20:38:13',15,15,'OPEN'),(1734,32,'2026-04-13 20:36:13',18,12,'OPEN'),(1735,52,'2026-04-13 20:45:16',16,16,'OPEN'),(1736,48,'2026-04-13 20:45:05',3,37,'OPEN'),(1737,13,'2026-04-13 20:44:45',1,29,'OPEN'),(1738,43,'2026-04-13 20:44:50',19,11,'OPEN'),(1739,31,'2026-04-13 20:38:22',3,17,'OPEN'),(1740,98,'2026-04-13 20:43:33',11,29,'OPEN'),(1741,14,'2026-04-13 20:36:55',7,23,'OPEN'),(1742,1,'2026-04-13 20:35:49',9,22,'OPEN'),(1743,23,'2026-04-13 20:45:15',18,12,'OPEN'),(1744,106,'2026-04-13 20:37:30',0,40,'OPEN'),(1745,112,'2026-04-13 20:43:19',24,6,'OPEN'),(1746,68,'2026-04-13 20:45:19',8,32,'OPEN'),(1747,74,'2026-04-13 20:37:47',1,29,'OPEN'),(1748,87,'2026-04-13 20:43:00',16,22,'OPEN'),(1749,84,'2026-04-13 20:44:45',16,14,'OPEN'),(1750,90,'2026-04-13 20:39:54',4,36,'OPEN'),(1751,11,'2026-04-13 20:45:06',4,26,'OPEN'),(1752,17,'2026-04-13 20:45:02',10,10,'OPEN'),(1753,45,'2026-04-13 20:45:22',10,20,'OPEN'),(1754,114,'2026-04-13 20:36:27',1,39,'OPEN'),(1755,72,'2026-04-13 20:45:32',1,30,'OPEN'),(1756,63,'2026-04-13 20:44:01',15,20,'OPEN'),(1757,113,'2026-04-13 20:45:37',10,30,'OPEN'),(1758,91,'2026-04-13 20:38:54',26,4,'OPEN'),(1759,99,'2026-04-13 20:45:10',1,29,'OPEN'),(1760,9,'2026-04-13 20:36:43',13,11,'OPEN'),(1761,67,'2026-04-13 20:41:05',14,26,'OPEN'),(1762,116,'2026-04-13 20:44:45',9,21,'OPEN'),(1763,55,'2026-04-13 20:35:57',3,33,'OPEN'),(1764,62,'2026-04-13 20:44:48',10,30,'OPEN'),(1765,5,'2026-04-13 20:43:00',39,1,'OPEN'),(1766,97,'2026-04-13 20:45:11',25,15,'OPEN'),(1767,61,'2026-04-13 20:44:46',0,25,'OPEN'),(1768,77,'2026-04-13 20:39:16',10,19,'OPEN'),(1769,73,'2026-04-13 20:45:33',3,27,'OPEN'),(1770,4,'2026-04-13 20:41:38',8,12,'OPEN'),(1771,49,'2026-04-13 20:39:28',3,37,'OPEN'),(1772,19,'2026-04-13 20:36:33',2,28,'OPEN'),(1773,7,'2026-04-13 20:35:46',0,29,'OPEN'),(1774,60,'2026-04-13 20:45:06',26,4,'OPEN'),(1775,102,'2026-04-13 20:44:33',1,39,'OPEN'),(1776,38,'2026-04-13 20:40:04',26,14,'OPEN'),(1777,53,'2026-04-13 20:40:15',7,33,'OPEN'),(1778,58,'2026-04-13 20:35:41',38,2,'OPEN'),(1779,66,'2026-04-13 20:45:10',9,31,'OPEN'),(1780,104,'2026-04-13 20:44:20',2,38,'OPEN'),(1781,101,'2026-04-13 20:45:11',6,24,'OPEN'),(1782,115,'2026-04-13 20:38:02',30,0,'OPEN'),(1783,47,'2026-04-13 20:45:08',0,40,'OPEN'),(1784,117,'2026-04-13 20:44:56',3,37,'OPEN'),(1785,8,'2026-04-13 20:38:16',14,16,'OPEN'),(1786,27,'2026-04-13 20:45:19',0,20,'OPEN'),(1787,16,'2026-04-13 20:35:50',10,10,'OPEN'),(1788,96,'2026-04-13 20:44:28',6,24,'OPEN'),(1789,82,'2026-04-13 20:44:46',17,5,'OPEN'),(1790,76,'2026-04-13 20:45:05',10,28,'OPEN'),(1791,71,'2026-04-13 20:36:12',15,25,'OPEN'),(1792,79,'2026-04-13 20:45:06',2,25,'OPEN'),(1793,69,'2026-04-13 20:39:56',9,31,'OPEN'),(1794,25,'2026-04-13 20:38:13',0,30,'OPEN'),(1795,51,'2026-04-13 20:44:27',19,1,'OPEN'),(1796,37,'2026-04-13 20:44:56',7,23,'OPEN'),(1797,59,'2026-04-13 20:42:35',1,19,'OPEN'),(1798,95,'2026-04-13 20:44:57',21,19,'OPEN'),(1799,94,'2026-04-13 20:37:08',6,34,'OPEN'),(1800,105,'2026-04-13 20:44:17',3,33,'OPEN'),(1801,36,'2026-04-13 20:45:26',2,38,'OPEN'),(1802,93,'2026-04-13 20:37:41',24,16,'OPEN'),(1803,22,'2026-04-13 20:35:56',13,7,'OPEN'),(1804,50,'2026-04-13 20:41:56',33,7,'OPEN'),(1805,110,'2026-04-13 20:37:44',16,24,'OPEN'),(1806,12,'2026-04-13 20:44:32',5,15,'OPEN'),(1807,34,'2026-04-13 20:40:42',25,15,'OPEN'),(1808,78,'2026-04-13 20:37:37',12,28,'OPEN'),(1809,2,'2026-04-13 20:37:45',9,11,'OPEN'),(1810,75,'2026-04-13 20:45:26',10,30,'OPEN'),(1811,111,'2026-04-13 20:45:14',12,28,'OPEN'),(1812,26,'2026-04-13 20:45:13',13,7,'OPEN'),(1813,65,'2026-04-13 20:43:54',4,36,'OPEN'),(1814,15,'2026-04-13 20:45:05',3,13,'OPEN'),(1815,86,'2026-04-13 20:45:36',23,15,'OPEN'),(1816,35,'2026-04-13 20:36:57',14,16,'OPEN'),(1817,10,'2026-04-13 20:35:55',10,6,'OPEN'),(1818,100,'2026-04-13 20:45:13',23,2,'OPEN'),(1819,24,'2026-04-13 20:36:01',10,10,'OPEN'),(1820,64,'2026-04-13 20:35:53',33,7,'OPEN'),(1821,109,'2026-04-13 20:45:06',29,0,'OPEN'),(1822,85,'2026-04-13 20:40:45',28,7,'OPEN'),(1823,107,'2026-04-13 20:38:32',20,20,'OPEN'),(1824,33,'2026-04-13 20:40:04',12,11,'OPEN'),(1825,44,'2026-04-13 20:44:52',5,25,'OPEN'),(1826,89,'2026-04-13 20:44:49',6,34,'OPEN'),(1827,57,'2026-04-13 20:44:55',2,21,'OPEN'),(1828,80,'2026-04-13 20:45:23',17,23,'OPEN'),(1829,41,'2026-04-13 20:45:23',17,3,'OPEN'),(1830,3,'2026-04-13 20:36:28',0,20,'OPEN'),(1831,40,'2026-04-13 20:43:07',17,4,'OPEN'),(1832,29,'2026-04-13 20:44:49',4,25,'OPEN'),(1833,70,'2026-04-13 20:45:14',20,1,'OPEN'),(1834,103,'2026-04-13 20:44:51',0,40,'OPEN'),(1835,28,'2026-04-13 20:36:13',14,16,'OPEN'),(1836,39,'2026-04-13 20:41:27',3,17,'OPEN'),(1837,83,'2026-04-13 20:44:53',35,5,'OPEN'),(1838,92,'2026-04-13 20:39:39',36,4,'OPEN'),(1839,21,'2026-04-13 20:36:30',14,16,'OPEN'),(1840,88,'2026-04-13 20:45:03',20,10,'OPEN');
/*!40000 ALTER TABLE `station_status` ENABLE KEYS */;
UNLOCK TABLES;

--
-- Table structure for table `user`
--

DROP TABLE IF EXISTS `user`;
/*!40101 SET @saved_cs_client     = @@character_set_client */;
/*!50503 SET character_set_client = utf8mb4 */;
CREATE TABLE `user` (
  `id` int NOT NULL AUTO_INCREMENT,
  `email` varchar(120) NOT NULL,
  `password_hash` varchar(128) NOT NULL,
  `name` varchar(80) NOT NULL,
  `created_at` datetime NOT NULL,
  PRIMARY KEY (`id`),
  UNIQUE KEY `email` (`email`)
) ENGINE=InnoDB AUTO_INCREMENT=2 DEFAULT CHARSET=utf8mb4 COLLATE=utf8mb4_0900_ai_ci;
/*!40101 SET character_set_client = @saved_cs_client */;

--
-- Dumping data for table `user`
--

LOCK TABLES `user` WRITE;
/*!40000 ALTER TABLE `user` DISABLE KEYS */;
INSERT INTO `user` VALUES (1,'tiramisusun2016@gmail.com','$2b$12$I/MJ5sP7iqjiQ2cnmepn5u9OYeZUtK/9bZz5thcUZvrJlv0b7sYtS','Tiramisusun','2026-04-13 19:46:41');
/*!40000 ALTER TABLE `user` ENABLE KEYS */;
UNLOCK TABLES;

--
-- Table structure for table `weather`
--

DROP TABLE IF EXISTS `weather`;
/*!40101 SET @saved_cs_client     = @@character_set_client */;
/*!50503 SET character_set_client = utf8mb4 */;
CREATE TABLE `weather` (
  `id` int NOT NULL AUTO_INCREMENT,
  `main` varchar(15) NOT NULL,
  `description` varchar(30) NOT NULL,
  `icon` varchar(10) NOT NULL,
  PRIMARY KEY (`id`)
) ENGINE=InnoDB AUTO_INCREMENT=805 DEFAULT CHARSET=utf8mb4 COLLATE=utf8mb4_0900_ai_ci;
/*!40101 SET character_set_client = @saved_cs_client */;

--
-- Dumping data for table `weather`
--

LOCK TABLES `weather` WRITE;
/*!40000 ALTER TABLE `weather` DISABLE KEYS */;
INSERT INTO `weather` VALUES (500,'Rain','light rain','10n'),(501,'Rain','moderate rain','10n'),(600,'Snow','light snow','13d'),(800,'Clear','clear sky','01n'),(801,'Clouds','few clouds','02n'),(802,'Clouds','scattered clouds','03n'),(803,'Clouds','broken clouds','04d'),(804,'Clouds','overcast clouds','04d');
/*!40000 ALTER TABLE `weather` ENABLE KEYS */;
UNLOCK TABLES;

--
-- Table structure for table `weather_report`
--

DROP TABLE IF EXISTS `weather_report`;
/*!40101 SET @saved_cs_client     = @@character_set_client */;
/*!50503 SET character_set_client = utf8mb4 */;
CREATE TABLE `weather_report` (
  `id` int NOT NULL AUTO_INCREMENT,
  `update_time` datetime NOT NULL,
  `temp` float NOT NULL,
  `feels_like` float NOT NULL,
  `visibility` int NOT NULL,
  `wind_speed` float NOT NULL,
  `humidity` int NOT NULL,
  `weather_id` int NOT NULL,
  PRIMARY KEY (`id`),
  KEY `weather_id` (`weather_id`),
  CONSTRAINT `weather_report_ibfk_1` FOREIGN KEY (`weather_id`) REFERENCES `weather` (`id`)
) ENGINE=InnoDB AUTO_INCREMENT=97 DEFAULT CHARSET=utf8mb4 COLLATE=utf8mb4_0900_ai_ci;
/*!40101 SET character_set_client = @saved_cs_client */;

--
-- Dumping data for table `weather_report`
--

LOCK TABLES `weather_report` WRITE;
/*!40000 ALTER TABLE `weather_report` DISABLE KEYS */;
INSERT INTO `weather_report` VALUES (1,'2026-04-10 23:39:43',4.99,1.51,10000,4.63,90,501),(2,'2026-04-10 23:39:43',4.99,1.51,10000,4.63,90,501),(3,'2026-04-11 00:00:00',4.99,3.06,0,2.31,91,500),(4,'2026-04-11 03:00:00',4.73,0.68,0,5.7,93,500),(5,'2026-04-11 06:00:00',3.81,-0.71,10000,6.23,85,600),(6,'2026-04-11 09:00:00',5.29,0.49,10000,8.19,74,803),(7,'2026-04-11 12:00:00',12.83,11.87,10000,8.86,65,803),(8,'2026-04-11 15:00:00',8.31,4.07,10000,9.6,69,500),(9,'2026-04-11 18:00:00',6.52,1.62,10000,9.92,87,500),(10,'2026-04-11 21:00:00',5.41,0.47,10000,8.78,87,802),(11,'2026-04-12 00:00:00',6.53,1.66,10000,9.82,80,802),(12,'2026-04-12 03:00:00',6.27,1.18,10000,10.36,83,500),(13,'2026-04-12 06:00:00',4.89,-0.44,10000,9.57,79,803),(14,'2026-04-12 09:00:00',6.31,1.39,10000,9.76,72,804),(15,'2026-04-12 12:00:00',9.29,5.34,10000,9.69,66,500),(16,'2026-04-12 15:00:00',10.43,8.83,10000,7.48,50,802),(17,'2026-04-12 18:00:00',8.44,5.89,10000,4.41,64,802),(18,'2026-04-12 21:00:00',6.33,4.3,10000,2.73,74,804),(19,'2026-04-13 00:00:00',4.15,2.14,10000,2.23,87,804),(20,'2026-04-13 03:00:00',2.7,0.88,10000,1.84,90,803),(21,'2026-04-13 06:00:00',2.56,0.68,10000,1.87,86,802),(22,'2026-04-13 09:00:00',8.58,8.58,10000,1.11,61,803),(23,'2026-04-13 12:00:00',10.34,9.07,8883,0.68,63,500),(24,'2026-04-13 15:00:00',10.29,9.12,10000,1.94,67,500),(25,'2026-04-13 18:00:00',9.49,9.07,10000,1.5,77,500),(26,'2026-04-13 21:00:00',4.87,3.29,10000,1.93,87,801),(27,'2026-04-14 00:00:00',4.2,2.5,10000,1.94,88,801),(28,'2026-04-14 03:00:00',3.88,3.88,10000,1.02,88,803),(29,'2026-04-14 06:00:00',4.45,4.45,10000,1.32,88,803),(30,'2026-04-14 09:00:00',9.92,8.17,10000,3.45,72,804),(31,'2026-04-14 12:00:00',11.55,10.59,10000,5.22,70,804),(32,'2026-04-14 15:00:00',8.98,6.22,10000,5.25,91,500),(33,'2026-04-14 18:00:00',9.29,6.94,6340,4.42,97,500),(34,'2026-04-14 21:00:00',9.59,8.1,5423,2.87,98,500),(35,'2026-04-15 00:00:00',11.24,10.93,10000,3.68,96,804),(36,'2026-04-15 03:00:00',11.03,10.59,10000,4.59,92,500),(37,'2026-04-15 06:00:00',10.92,10.47,10000,4.65,92,500),(38,'2026-04-15 09:00:00',11.9,11.31,10000,6.38,83,500),(39,'2026-04-15 12:00:00',13.46,12.51,10000,7.82,63,500),(40,'2026-04-15 15:00:00',13.59,12.6,10000,7.06,61,500),(41,'2026-04-15 18:00:00',11.05,10.17,10000,6.73,75,500),(42,'2026-04-15 21:00:00',8.82,5.25,10000,7.59,81,804),(43,'2026-04-13 19:42:06',9.07,6.58,10000,4.63,73,802),(44,'2026-04-13 19:42:06',9.07,6.58,10000,4.63,73,802),(45,'2026-04-13 21:00:00',8.86,7.16,10000,2.97,73,802),(46,'2026-04-14 00:00:00',8.44,6.67,10000,2.95,80,802),(47,'2026-04-14 03:00:00',7.85,5.26,10000,4.2,84,803),(48,'2026-04-14 06:00:00',8.83,5.77,10000,5.97,95,500),(49,'2026-04-14 09:00:00',11.46,11.12,9598,6.26,94,500),(50,'2026-04-14 12:00:00',10.93,10.59,9212,5.19,96,500),(51,'2026-04-14 15:00:00',11.61,11.25,3793,4.08,93,804),(52,'2026-04-14 18:00:00',11.47,11.18,10000,3.31,96,804),(53,'2026-04-14 21:00:00',10.84,10.46,6067,4.64,95,804),(54,'2026-04-15 00:00:00',11.06,10.73,7960,4.09,96,500),(55,'2026-04-15 03:00:00',12.01,11.72,10000,3.82,94,500),(56,'2026-04-15 06:00:00',11.59,11.21,7230,4.78,92,804),(57,'2026-04-15 09:00:00',11.56,11.15,10000,3.71,91,500),(58,'2026-04-15 12:00:00',13.76,12.94,10000,4.85,67,500),(59,'2026-04-15 15:00:00',14,13.02,10000,6.62,60,804),(60,'2026-04-15 18:00:00',11.26,10.32,10000,6.78,72,803),(61,'2026-04-15 21:00:00',8.84,5.06,10000,8.38,83,500),(62,'2026-04-16 00:00:00',8.25,4.94,10000,6.22,82,800),(63,'2026-04-16 03:00:00',7.91,4.65,10000,5.84,85,804),(64,'2026-04-16 06:00:00',8.12,5.16,10000,5.2,81,802),(65,'2026-04-16 09:00:00',11.65,10.54,10000,5.31,64,801),(66,'2026-04-16 12:00:00',14.57,13.54,10000,4.81,56,802),(67,'2026-04-16 15:00:00',13.5,12.58,10000,4.6,64,500),(68,'2026-04-16 18:00:00',10.31,9.64,10000,3.46,86,500),(69,'2026-04-16 21:00:00',9.93,8.07,10000,3.67,85,804),(70,'2026-04-17 00:00:00',9.54,7.51,10000,3.84,86,804),(71,'2026-04-17 03:00:00',9.75,7.93,10000,3.51,86,804),(72,'2026-04-17 06:00:00',10.8,10.21,10000,4.42,87,500),(73,'2026-04-17 09:00:00',11.21,10.76,10000,3.78,91,500),(74,'2026-04-17 12:00:00',14.62,13.83,10000,4.69,65,500),(75,'2026-04-17 15:00:00',15.18,14.29,10000,6.17,59,804),(76,'2026-04-17 18:00:00',12.64,11.74,10000,5.09,68,804),(77,'2026-04-17 21:00:00',9.69,7.3,10000,4.74,80,803),(78,'2026-04-18 00:00:00',7.9,5.41,10000,4.02,90,803),(79,'2026-04-18 03:00:00',6.82,4.24,10000,3.74,89,804),(80,'2026-04-18 06:00:00',5.96,3.26,10000,3.61,93,804),(81,'2026-04-18 09:00:00',10.67,9.78,10000,4.07,76,801),(82,'2026-04-18 12:00:00',12.18,11.26,10000,3.17,69,500),(83,'2026-04-18 15:00:00',11.77,10.91,10000,2.17,73,500),(84,'2026-04-18 18:00:00',9.65,8.51,10000,2.35,87,500),(85,'2026-04-13 19:46:44',9.07,6.58,10000,4.63,73,802),(86,'2026-04-13 19:46:44',9.07,6.58,10000,4.63,73,802),(87,'2026-04-13 20:18:19',8.38,5.95,10000,4.12,73,802),(88,'2026-04-13 20:18:19',8.46,5.82,10000,4.63,72,802),(89,'2026-04-13 20:29:37',8.24,5.78,10000,4.12,73,802),(90,'2026-04-13 20:29:37',8.24,5.78,10000,4.12,73,802),(91,'2026-04-13 20:35:22',8.15,5.67,10000,4.12,76,802),(92,'2026-04-13 20:35:23',8.15,5.67,10000,4.12,76,802),(93,'2026-04-13 20:45:56',8.1,5.88,10000,3.6,77,802),(94,'2026-04-13 20:45:56',8.1,5.88,10000,3.6,77,802),(95,'2026-04-13 20:46:14',8.1,5.88,10000,3.6,77,802),(96,'2026-04-13 20:46:14',8.1,5.88,10000,3.6,77,802);
/*!40000 ALTER TABLE `weather_report` ENABLE KEYS */;
UNLOCK TABLES;
/*!40103 SET TIME_ZONE=@OLD_TIME_ZONE */;

/*!40101 SET SQL_MODE=@OLD_SQL_MODE */;
/*!40014 SET FOREIGN_KEY_CHECKS=@OLD_FOREIGN_KEY_CHECKS */;
/*!40014 SET UNIQUE_CHECKS=@OLD_UNIQUE_CHECKS */;
/*!40101 SET CHARACTER_SET_CLIENT=@OLD_CHARACTER_SET_CLIENT */;
/*!40101 SET CHARACTER_SET_RESULTS=@OLD_CHARACTER_SET_RESULTS */;
/*!40101 SET COLLATION_CONNECTION=@OLD_COLLATION_CONNECTION */;
/*!40111 SET SQL_NOTES=@OLD_SQL_NOTES */;

-- Dump completed on 2026-04-14  2:12:02
