holiday_date,holiday_name
2026-01-01,New Year's Day
2026-02-02,St Brigid's Day
2026-03-17,St Patrick's Day
2026-04-06,Easter Monday
2026-05-04,May Bank Holiday
2026-06-01,June Bank Holiday
2026-08-03,August Bank Holiday
2026-10-26,October Bank Holiday
2026-12-25,Christmas Day
2026-12-26,St Stephen's Day
2027-01-01,New Year's Day
2027-02-01,St Brigid's Day
2027-03-17,St Patrick's Day
2027-03-29,Easter Monday
2027-05-03,May Bank Holiday
2027-06-07,June Bank Holiday
2027-08-02,August Bank Holiday
2027-10-25,October Bank Holiday
2027-12-25,Christmas Day
2027-12-26,St Stephen's Day
